Date,Time,CE_21500,CE_21600,CE_22000,CE_22200,CE_22250,CE_22300,CE_22350,CE_22400,CE_22450,CE_22500,CE_22550,CE_22600,CE_22650,CE_22700,CE_22750,CE_22800,CE_22850,CE_22900,CE_22950,CE_23000,CE_23050,CE_23100,CE_23150,CE_23200,CE_23250,CE_23300,CE_23350,CE_23400,CE_23450,CE_23500,CE_23550,CE_23600,CE_23650,CE_23700,CE_23750,CE_23800,CE_23850,CE_23900,CE_23950,CE_24000,CE_24050,CE_24100,CE_24150,CE_24200,CE_24250,CE_24300,CE_24350,CE_24400,CE_24450,CE_24500,CE_24550,CE_24600,CE_24650,CE_24700,CE_24750,CE_24800,CE_24850,CE_24900,CE_24950,CE_25000,CE_25050,CE_25100,CE_25200,CE_25300,CE_25350,CE_25400,CE_25450,CE_25500,CE_25550,CE_25600,CE_25650,CE_25700,CE_25750,CE_25800,CE_25850,CE_25900,CE_25950,CE_26000,CE_26050,PE_21400,PE_21500,PE_21600,PE_21700,PE_21800,PE_21900,PE_22000,PE_22100,PE_22150,PE_22200,PE_22250,PE_22300,PE_22350,PE_22400,PE_22450,PE_22500,PE_22550,PE_22600,PE_22650,PE_22700,PE_22750,PE_22800,PE_22850,PE_22900,PE_22950,PE_23000,PE_23050,PE_23100,PE_23150,PE_23200,PE_23250,PE_23300,PE_23350,PE_23400,PE_23450,PE_23500,PE_23550,PE_23600,PE_23650,PE_23700,PE_23750,PE_23800,PE_23850,PE_23900,PE_23950,PE_24000,PE_24050,PE_24100,PE_24150,PE_24200,PE_24250,PE_24300,PE_24350,PE_24400,PE_24450,PE_24500,PE_24550,PE_24600,PE_24700,PE_24750,PE_24800,PE_24850,PE_24900,PE_24950,PE_25000,PE_25050,PE_25100,PE_25150,PE_25200,PE_25250,PE_25300,PE_25350,PE_25400,PE_25450,PE_25500,PE_25550,PE_25600,PE_25650,PE_25700,PE_25750,PE_25800,PE_25850,PE_25900,PE_25950,PE_26000,PE_26050
2025-01-01,09:15,,,,,,,,,,,,,,,,,,,,,,,,,,,,,,772.9,,715.7,,653.35,633.8,593.95,549.95,,,488.2,,436.4,,,,350.0,,316.2,,285.0,,244.55,,,,,,,,,,,,,,,,,,,,,,,,,,,,,,,,,,,,,,,,,,,123.65,,,,,,,,189.0,,214.35,,241.75,,264.15,,290.45,,320.85,,347.1,,390.1,402.0,429.95,,475.05,,515.95,,550.0,,615.05,,659.4,,727.05,,,,,,934.15,,,,,,,,,,,,,,,,,,,,,,,,,,,,
2025-01-01,09:20,,,,,,,,,,1525.0,,,,,,,,,,1110.0,,,,,,,,838.0,796.65,770.0,,719.6,678.8,642.7,624.05,595.0,563.65,536.8,512.85,492.95,465.6,441.95,414.35,395.25,374.65,350.25,334.6,312.8,,282.0,,249.5,,,,,,,,,,,,,,,,,,,,,,,,,,,,,,,,,,,,,,,,,,,121.5,,,,,165.0,169.3,,,,211.7,,235.5,,263.95,,285.75,,318.55,345.6,355.0,378.9,394.15,416.55,439.95,456.8,464.8,496.7,526.75,545.6,555.0,594.35,619.8,,659.0,,716.95,757.7,,,845.0,,,,,,,,,,,,,,,,,,,,,,,,,,,,,,
2025-01-01,09:25,,,,,,,,,,,,,,,,,,,,1106.0,,,,,,,,,,766.3,,705.5,,647.9,,591.0,,533.35,512.55,481.7,,,,389.35,,346.15,,313.65,,273.05,,240.0,,,,,,,,,,,,,,,,,,,,,,,,,,,,,,,,,,,,,,,,,,,125.7,,,,151.25,165.0,,,,,220.4,,244.2,,268.95,,299.95,,327.7,,365.25,379.05,395.0,416.0,440.0,,480.0,,518.6,552.15,575.65,,623.05,,,,,,,,861.0,,,,,,,,,,,,,,,,,,,,,,,,,,,,,,
2025-01-01,09:30,,,,,,,,,,,,,,,,,,,,1114.0,,,,956.95,,,,,,760.0,,710.2,665.0,638.0,,591.0,,526.15,,485.0,454.3,438.45,,,,343.1,334.4,,,277.85,,240.0,,,,,,,,,,,,,,,,,,,,,,,,,,,,,,,,,,,,,,,,,,,125.15,,,,155.0,,174.0,,193.0,,218.9,,,,265.2,,300.0,,326.45,346.0,358.4,,401.5,417.95,440.0,,485.75,,,,568.0,,,,680.0,,,,,,870.0,,,,,,,,,,,,,,,,,,,,,,,,,,,,,,
2025-01-01,09:35,,,,,,,,,,,,,,,,,,,,,,,,,,,,821.05,,758.0,,695.0,,638.0,610.35,578.5,554.5,526.15,,477.7,,430.4,407.15,387.7,,339.0,323.05,,,270.05,,237.8,,,,,,,,,,,,,,,,,,,,,,,,,,,,,,,,,,,,,,,,,,,129.0,,,,159.1,,177.95,,200.4,,223.95,,,,275.7,,306.0,,338.5,344.85,372.15,390.45,409.15,430.3,448.95,469.95,492.05,513.8,536.75,560.65,580.0,,,,,,,,,,870.0,,930.0,,,,,,,,,,,,,,,,,,,,,,,,,,,,
2025-01-01,09:40,,,,,,,,,,,,,,,,,,,,1114.0,,,,,,,,,,752.0,,698.55,666.95,645.0,,583.7,,529.0,,479.0,450.0,,407.35,389.55,,348.35,,311.1,,275.0,,243.0,,,,,,,,,,,,,,,,,,,,,,,,,,,,,,,,,,,,,,,,,105.9,,127.15,,142.85,,158.95,,178.0,,200.4,,222.95,,,,274.3,,310.0,,331.85,,368.3,,410.5,421.3,451.8,472.55,500.0,,538.3,,582.85,,638.45,,683.0,,,,,,,,933.0,,,,,,,,,,,,,,,,,,,,,,,,,,,,
2025-01-01,09:45,,,,,,,,,,1482.95,,,,,,,,,,1099.0,,,,,,,,,,751.75,,694.85,,632.6,600.6,576.85,545.4,519.45,495.0,475.0,450.0,,401.65,383.75,359.6,339.0,,303.0,,272.45,,238.15,,,,,,,,,,,,,,,,,,,,,,,,,,,,,,,,,,,,,,,,,116.0,,132.4,,146.55,,163.55,,183.9,,203.75,,228.45,,252.3,,282.6,,310.4,,344.25,362.0,376.55,,415.35,,457.85,,500.0,,541.05,,592.75,,639.0,,704.25,,766.0,,,,885.0,,,,,,,,,,,,,,,,,,,,,,,,,,,,,,
2025-01-01,09:50,,,,,,,,,,1477.5,,,,,,,,,,1084.0,,,,,,,,,,746.15,725.5,681.05,,625.8,,569.0,,517.75,,467.8,,423.0,,378.0,,337.0,,298.2,,268.5,,221.95,,,,,,,,,,,,,,,,,,,,,,,,,,,,,,,,,,,,,,,,,117.1,,133.05,,146.55,,164.65,,181.0,,205.3,,231.55,,255.65,,283.65,,312.5,,344.55,,380.7,,421.0,435.65,,,502.95,,,,600.0,,,,,,,,,,888.0,,953.1,,,,,,,,,,,,,,,,,,,,,,,,,,,,
2025-01-01,09:55,,,,,,,,,,,,,,,,,,,,1084.0,,,,,,,,,782.1,740.1,,,,630.0,,573.75,,521.0,,465.0,,421.0,404.9,375.95,364.6,338.15,325.0,304.5,,266.35,,232.7,,,,,,,,,,,,,,,,,,,,,,,,,,,,,,,,,,,,,,,,,116.15,,133.7,,147.8,,163.3,,183.2,,198.75,,232.95,,251.3,,283.65,,314.5,,349.4,,384.85,,415.2,440.0,454.45,476.2,505.0,,538.95,,603.0,,,,704.25,,,,810.05,,888.0,,,,,,,,,,,,,,,,,,,,,,,,,,,,,,
2025-01-01,10:00,,,,,,,,,,,,,,,,,,,,,,,,,,,,,,755.3,,698.0,,630.0,599.75,574.5,545.2,521.0,,472.0,,425.2,,375.95,,346.45,319.3,,,270.0,,239.25,,,,,,,,,,,,,,,,,,,,,,,,,,,,,,,,,,,,,,,,,112.6,,129.0,,139.6,,160.75,,178.55,,201.0,,225.55,,245.25,,272.65,,306.0,,335.0,,374.25,391.95,409.45,,447.6,,496.95,,,,590.75,,639.0,,701.95,,,,809.75,,873.0,,,,,,,,,,,,,,,,,,,,,,,,,,,,,,
2025-01-01,10:05,,,,,,,,,,,,,,,,,,,,,,,,,,,,,,746.35,,696.0,,636.9,,571.65,,519.0,,475.7,,424.0,404.8,385.0,,343.75,320.8,305.5,,268.05,,,,,,,,,,,,,,,,,,,,,,,,,,,,,,,,,,,,,,,,,,,111.2,,130.65,,142.85,,,,,,203.3,,229.25,,,,275.9,,308.75,,337.3,,379.5,,418.0,440.0,448.0,,500.45,,545.0,,589.55,,,,704.0,,,,821.0,,880.0,,953.1,,,,,,,,,,,,,,,,,,,,,,,,,,,,
2025-01-01,10:10,,,,,,,,,,1500.0,,,,,,,,,,1100.0,,,,994.0,,,,852.45,,758.8,,710.95,,638.95,611.65,582.0,564.6,529.45,,480.0,,433.5,418.05,391.5,,346.0,334.1,310.5,,274.85,,257.55,,,,,,,,,,,,,,,,,,,,,,,,,,,,,,,,,,,,,,,,,,,128.5,,,,149.9,,170.0,,,,223.0,,,,264.0,,303.5,,323.5,,371.5,,409.45,419.0,445.0,,480.0,,512.0,,580.75,,608.75,,665.0,,766.0,,780.0,,855.0,,906.0,,,,,,,,,,,,,,,,,,,,,,,,,,,,
2025-01-01,10:15,,,,,,,,,,1528.0,,,,,,,,,,1128.0,,,,,,,,,810.05,776.0,,718.65,,652.95,,596.95,,545.95,,497.2,,448.0,,398.5,,355.95,338.6,329.0,,285.0,,251.5,,,,,,,,,,,,,,,,,,,,,,,,,,,,,,,,,,,,,,,,,109.0,,124.5,,137.5,,,,172.6,,191.95,,219.0,,238.55,,,,296.4,,,,362.0,,394.1,,431.5,,,,,,568.6,,608.75,,675.0,,721.0,,,,850.0,,,,,,,,,,,,,,,,,,,,,,,,,,,,,,
2025-01-01,10:20,,,,,,,,,,1530.0,,,,,,,,,,,,,,,,,,836.0,818.4,783.4,,723.65,,666.0,,600.0,,550.0,,500.0,,,,404.95,,360.0,,,,285.95,,253.0,,,,,,,,,,,,,,,,,,,,,,,,,,,,,,,,,,,,,,,,,106.2,,124.0,,,,149.9,,,,,,216.0,,,,,,295.5,,324.15,,360.85,,393.0,,,,473.95,,,,564.95,,,,,,,,,,,,,,,,,,,,,,,,,,,,,,,,,,,,,,,,
2025-01-01,10:25,,,,,,,,,,1530.0,,,,,,,,,,,,,,,,,,,,785.95,,731.75,698.8,661.65,,609.0,,553.95,,499.65,450.0,453.05,,406.95,,363.0,,330.0,,289.0,275.0,254.5,,,,,,,,,,,,,,,,,,,,,,,,,,,,,,,,,,,,,,,,,105.75,,122.0,,,,151.45,,168.5,,,,213.85,,,,,,292.2,,321.25,362.0,357.05,,391.55,408.0,428.0,,472.6,,,,561.6,581.55,,,,,,,780.0,,837.0,,,,,,,,,,,,,,,,,,,,,,,,,,,,,,
2025-01-01,10:30,,,,,,,,,,,,,,,,,,,,1145.95,,,,994.0,,,,,,800.0,,733.7,,,,616.0,,556.35,,508.0,479.15,462.0,435.9,410.0,,,,330.0,,293.4,,258.0,,,,,,,,,,,,,,,,,,,,,,,,,,,,,,,,,,,,,,,,,106.4,,120.0,,134.15,,149.0,,168.0,,188.7,,213.0,,232.95,,,,286.25,,316.85,,353.45,,388.3,407.35,425.45,,465.0,,512.5,,555.05,,,,661.0,,,,771.05,,,,,,,,,,,,,,,,,,,,,,,,,,,,,,,,
2025-01-01,10:35,,,,,,,,,,1550.0,,,,,,,,,,1145.95,,,,,,,,,,790.0,,735.0,709.0,674.8,,609.0,,,,507.0,,468.45,,,,366.0,,330.5,,292.45,,263.95,,,,,,,,,,,,,,,,,,,,,,,,,,,,,,,,,,,,,,,,,,,121.5,,135.2,,149.0,,170.0,,188.7,,215.05,,234.6,,263.65,,288.25,,318.0,,354.95,,388.3,400.05,,,452.2,,,,558.95,,,,662.25,,716.65,,,,832.0,,903.0,,,,,,,,,,,,,,,,,,,,,,,,,,,,
2025-01-01,10:40,,,,,,,,,,,,,,,,,,,,,,,,,,,,,,804.0,,,,677.0,646.95,625.0,592.8,563.0,,517.35,,468.45,,419.45,,372.95,352.95,332.95,,300.0,,263.95,,,,,,,,,,,,,,,,,,,,,,,,,,,,,,,,,,,,,,,,,,,118.95,,133.05,,148.95,,,,,,209.5,,,,,,282.0,,,,348.8,,385.0,400.05,424.5,,461.1,,507.5,,546.1,,,,,,,,,,,,,,,,,,,,,,,,,,,,,,,,,,,,,,,,
2025-01-01,10:45,,,,,,,,,,1570.0,,,,,,,,,,1178.0,,,,,,,,,,804.0,,741.0,725.0,688.6,,619.0,595.0,567.9,,511.4,,465.45,,419.45,,383.0,353.55,354.0,,297.0,,265.0,,,,,,,,,,,,,,,,,,,,,,,,,,,,,,,,,,,,,,,,,103.3,,120.95,,,,,,,,187.6,,212.1,,,,,,285.5,,315.55,323.25,350.5,,384.0,,417.95,,,,495.0,,552.5,,,605.55,,,699.05,,738.0,,,,,,,,,,,,,,,,,,,,,,,,,,,,,,,,
2025-01-01,10:50,,,,,,,,,,,,,,,,,,,,1200.0,,,,,,,,,,845.25,,793.05,,720.0,,665.3,638.45,617.35,577.6,546.7,534.45,499.9,,449.0,439.65,402.45,393.25,360.0,,322.3,,289.0,,,,,,,,,,,,,,,,,,,,,,,,,,,,,,,,,,,,,,,,,100.1,,115.0,,122.4,,140.0,,155.1,,174.35,,202.45,,217.0,,244.0,,267.05,,301.0,309.4,332.0,,362.55,376.7,398.25,,434.85,,472.0,,526.05,,,,,640.0,664.65,,721.95,,770.0,,,,,,,,,,,,,,,,,,,,,,,,,,,,,,
2025-01-01,10:55,,,,,,,,,,,,,,,,,,,,1229.0,,,,,,,,,,867.0,,798.25,,739.55,,,642.2,616.8,588.65,562.2,,509.15,,463.0,,414.95,393.25,,,332.2,,,,,,,,,,,,,,,,,,,,,,,,,,,,,,,,,,,,,,,,,,,99.35,,114.3,,125.0,,,151.0,,,174.35,193.75,200.55,,219.05,,245.0,,269.65,,295.15,,327.5,,362.95,379.45,396.15,418.0,433.45,515.2,474.0,562.0,516.95,,565.15,,,,,,,,770.0,,,,,,,,,,,,,,,,,,,,,,,,,,,,,,
2025-01-01,11:00,,,,,,,,,,1625.0,,,,,,,,,,,,,,,,,,,,861.0,,798.4,,728.05,690.25,677.05,644.6,606.1,,558.45,537.0,508.45,,457.0,439.65,410.55,387.8,371.0,,328.35,320.75,295.0,,,,,,,,,,,,,,,,,,,,,,,,,,,,,,,,,,,,,,,,,99.7,,113.1,,123.8,,140.85,141.05,156.8,,175.15,,199.65,,,,,,270.0,,298.0,,327.5,350.6,357.05,373.2,394.9,412.3,436.1,466.85,,492.35,518.15,,,,613.65,,672.0,,,,,,,,,,,,,,,,,,,,,,,,,,,,,,,,,,
2025-01-01,11:05,,,,,,,,,,1626.95,,,,,,,,,,1222.0,,,,,,,,,,849.0,,,,722.85,,661.15,635.45,610.35,582.4,550.3,,,481.15,455.45,,409.45,,,,321.6,306.35,,,,,,,,,,,,,,,,,,,,,,,,,,,,,,,,,,,,,,,,,,,,114.75,,126.0,,141.1,,157.7,,176.0,,200.8,,219.4,,245.0,,267.0,,299.0,,331.95,,364.4,,397.45,415.85,435.05,460.55,480.05,,523.4,,564.05,,,,,,,,789.0,,840.0,,,,,,,,,,,,,,,,,,,,,,,,,,,,
2025-01-01,11:10,,,,,,,,,,1626.95,,,,,,,,,,1215.0,,,,,,,,,,,,791.85,,730.0,704.25,660.55,637.45,610.3,,556.65,,501.55,,,,405.55,385.3,,,324.0,,287.05,,,,,,,,,,,,,,,,,,,,,,,,,,,,,,,,,,,,,,,,,99.45,,112.85,,125.1,,139.05,,156.65,,176.6,,198.05,,212.45,,241.15,,268.05,,296.35,,327.5,,359.25,,400.0,415.0,435.7,,478.05,,517.85,,,,,,,,,,784.0,,,,,,,,,,,,,,,,,,,,,,,,,,,,,,
2025-01-01,11:15,,,,,,,,,,,,,,1413.35,,,,,,1211.0,,,,,,,,,,854.0,,791.05,,746.95,696.2,665.0,650.0,608.6,582.05,556.4,525.5,503.1,485.5,455.45,,405.95,385.05,370.0,,325.9,,287.0,,,,,,,,,,,,,,,,,,,,,,,,,,,,,,,,,,,,,,,,,99.35,,113.05,,125.1,,139.8,,155.0,,175.9,,199.55,201.0,218.9,,245.6,,261.55,,292.0,307.55,328.85,,360.2,380.3,398.0,415.45,435.7,445.7,,,518.25,,,,605.0,,656.0,,708.0,,779.0,,,,,,,,,,,,,,,,,,,,,,,,,,,,,,
2025-01-01,11:20,,,,,,,,,,1632.0,,,,,,,,,,,,,,,,,,,,874.95,,,,,,672.75,,,,557.75,,,,466.2,,413.05,386.95,369.5,,329.8,,,,,,,,,,,,,,,,,,,,,,,,,,,,,,,,,,,,,,,,,,,98.85,,112.3,,123.7,,,,155.6,,,,196.35,,,,239.35,,266.0,,294.5,,325.0,,357.95,,384.0,,,,,,515.45,,,,,,,,708.0,,766.0,,,,,,,,,,,,,,,,,,,,,,,,,,,,,,
2025-01-01,11:25,,,,,,,,,,,,,,,,,,,,1233.0,,,,,,,,907.0,,,,807.75,742.15,723.1,,665.0,,612.9,,553.25,,,,454.45,429.15,405.35,384.25,,,325.0,,284.0,,,,,,,,,,,,,,,,,,,,,,,,,,,,,,,,,,,,,,,,,98.85,,113.55,,125.0,,139.7,,156.5,,175.0,,198.1,,220.25,,,,268.3,,296.8,,329.0,,362.75,,404.4,,424.5,,477.8,,520.0,,,,,,,,735.0,,779.0,,845.0,,,,,,,,,,,,,,,,,,,,,,,,,,,,
2025-01-01,11:30,,,,,,,,,,,,,,,,,,,,1201.05,,,,,,,,,,844.05,,765.9,,715.95,,659.0,650.0,600.0,574.7,546.0,518.6,510.25,,441.0,,402.5,368.5,360.0,,317.9,299.0,282.0,,,,,,,,,,,,,,,,,,,,,,,,,,,,,,,,,,,,,,,,,99.6,,115.75,,130.7,,138.75,,158.3,,177.0,,201.95,,,,251.4,,272.0,,,,336.8,359.9,,,411.95,,444.0,,,509.25,525.55,,577.0,,605.0,,,,740.0,,806.0,,,,,,,,,,,,,,,,,,,,,,,,,,,,,,
2025-01-01,11:35,,,,,,,,,,,,,,,,,,,,1186.05,,,,,,,,907.0,,828.0,,766.85,,700.0,,640.0,,588.05,,534.75,506.4,485.0,485.5,435.55,,389.45,369.65,350.05,,309.8,,275.0,,,,,,,,,,,,,,,,,,,,,,,,,,,,,,,,,,,,,,,,,105.15,,119.05,,132.0,,149.2,,165.5,,184.55,,210.0,,,,255.55,,282.45,,314.85,,343.55,364.25,375.5,,,434.0,,445.7,493.0,,539.5,,586.0,,641.5,,656.0,,,,812.0,,,,,,,,,,,,,,,,,,,,,,,,,,,,,,
2025-01-01,11:40,,,,,,,,,,,,,,,,,,,,1187.0,,,,,,,,,,816.0,,757.85,,,,644.85,,582.9,,529.35,,,,432.55,,385.5,363.4,346.5,,308.65,,272.5,,,,,,,,,,,,,,,,,,,,,,,,,,,,,,,,,,,,,,,,,,,120.55,,,,145.2,,,,,,212.05,,233.0,,,,280.1,,314.25,,347.1,,379.9,393.3,,437.25,457.95,472.4,498.5,514.75,543.0,,,,,,690.7,,,,815.0,,,,,,,,,,,,,,,,,,,,,,,,,,,,,,
2025-01-01,11:45,,,,,,,,,,,,,,,,,,,,1187.0,,,,,,,,,,834.0,,783.0,,,,649.0,625.0,592.55,,537.65,,,,,,,,360.0,,313.55,,,,,,,,,,,,,,,,,,,,,,,,,,,,,,,,,,,,,,,,,,,101.2,,117.5,,129.85,,145.0,,163.1,,179.95,,206.25,,,,,,273.0,,,307.55,333.0,,370.55,,411.95,421.0,450.0,,487.55,,533.0,,579.0,,,,,,,,,,,,,,,,,,,,,,,,,,,,,,,,,,,,,,
2025-01-01,11:50,,,,,,,,,,,,,,,,,,,,,,,,,,,,,,829.45,,766.9,736.4,698.05,,649.2,,,,533.55,,483.05,458.9,432.0,,391.8,368.9,,,311.3,,275.3,,,,,,,,,,,,,,,,,,,,,,,,,,,,,,,,,,,,,,,,,105.25,,120.1,,131.95,,147.95,,164.5,,185.0,,209.75,210.75,,,,,279.35,,,327.7,344.1,359.85,379.05,,412.05,433.15,453.0,,493.45,,540.65,,588.0,,,,,,,,,,,,,,,,,,,,,,,,,,,,,,,,,,,,,,
2025-01-01,11:55,,,,,,,,,,,,,,,,,,,,,,,,,,,,,,814.0,,755.85,717.85,689.05,,637.95,,579.9,,525.35,504.45,474.55,,426.95,,,362.5,,,307.05,,,,,,,,,,,,,,,,,,,,,,,,,,,,,,,,,,,,,,,,,,,106.75,,121.3,,133.55,,149.95,,169.3,,186.35,,214.1,,,,260.7,,287.8,,,,350.0,,382.0,,415.6,437.25,460.0,,500.0,,548.4,,,,656.0,,704.45,,,,819.95,,,,,,,,,,,,,,,,,,,,,,,,,,,,,,
2025-01-01,12:00,,,,,,,,,,1632.0,,,,,,,,,,1187.0,,,,,,,,894.95,,820.8,,,,,710.85,639.65,,,,527.05,506.2,476.15,,,,387.4,,346.55,,306.0,,,,,,,,,,,,,,,,,,,,,,,,,,,,,,,,,,,,,,,,,,,,,119.05,,,,,,165.8,,179.7,,212.0,,230.55,,249.6,,278.5,,310.05,324.05,348.0,362.5,378.65,391.95,416.0,430.95,450.5,470.4,492.95,514.8,545.0,,594.0,,635.55,661.1,686.5,,,,813.05,,,,,,,,,,,,,,,,,,,,,,,,,,,,,,
2025-01-01,12:05,,,,,,,,,,,,,,,,,,,,1185.0,,,,,,,,,,830.0,,776.7,,707.85,677.85,,,,,536.0,,487.35,,443.5,,392.45,,,,312.15,295.0,,260.0,,,,,,,,,,,,,,,,,,,,,,,,,,,,,,,,,,,,,,,,,,115.0,,128.05,,,,,,180.0,,204.0,,223.5,,,,276.3,,,,337.65,,369.95,,406.45,,,,488.95,,526.7,,571.0,,,,,,,,793.05,,,,,,,,,,,,,,,,,,,,,,,,,,,,,,
2025-01-01,12:10,,,,,,,,,,,,,,,,,,,,,,,,,,,,,,,,,,711.0,,,,,,540.1,,485.5,,440.45,,,,352.0,,313.45,,276.55,,,,,,,,,,,,,,,,,,,,,,,,,,,,,,,,,,,,,,,,,,,114.35,,,,142.35,,,,178.05,,202.0,,223.0,,,,,,,,336.0,,368.05,,405.45,,,,485.0,,528.0,,,,,,,,,,794.45,,,,,,,,,,,,,,,,,,,,,,,,,,,,,,
2025-01-01,12:15,,,,,,,,,,,,,,,,,,,,,,,,,,,,,,850.0,,783.4,,725.55,,665.65,,604.9,,550.0,,,,449.45,,,,360.0,,317.3,,283.0,,,,,,,,,,,,,,,,,,,,,,,,,,,,,,,,,,,,,,,,,,,114.5,,123.9,,141.6,,,,178.0,,204.75,210.75,223.25,,244.0,,269.05,,,,335.0,,,,402.95,,,,,,523.0,,,,618.0,,664.5,,,,794.9,,,,,,,,,,,,,,,,,,,,,,,,,,,,,,
2025-01-01,12:20,,,,,,,,,,,,,,,,,,,,1220.0,,,,,,,,,,880.2,,796.35,,745.0,700.0,681.0,653.05,615.9,590.0,557.0,,513.65,,464.15,,409.5,,,,326.0,,298.0,,,,,,,,,,,,,,,,,,,,,,,,,,,,,,,,,,,,,,,,,97.0,,112.6,,123.4,,137.75,,153.75,,170.05,,199.0,206.0,,,,,265.0,,288.05,,325.0,,357.95,,386.5,403.0,428.1,,463.0,485.0,510.45,,556.95,,,,655.4,,710.0,,771.35,,,,,,,,,,,,,,,,,,,,,,,,,,,,,,
2025-01-01,12:25,,,,,,,,,,,,,,,,,,,,1228.0,,,,,,,,,,880.2,,,,,708.9,672.0,,,597.7,566.0,531.45,513.65,,463.45,,,,365.5,,331.75,,299.3,,,,,,,,,,,,,,,,,,,,,,,,,,,,,,,,,,,,,,,,,,,111.7,,124.0,,137.75,,154.15,,173.0,,195.9,,,,242.3,,263.0,,,,324.0,,,,,,426.5,,,,510.5,,549.0,,608.65,,655.4,,712.75,,768.45,,,,,,,,,,,,,,,,,,,,,,,,,,,,,,
2025-01-01,12:30,,,,,,,,,,,,,,,,,,,,1235.0,,,,,,,,,,,,812.3,,749.35,,674.1,,,584.35,561.9,,512.0,,,,,,370.0,,328.65,,295.5,,,,,,,,,,,,,,,,,,,,,,,,,,,,,,,,,,,,,,,,,,,112.35,,,,,,153.8,,,,197.25,,214.75,,,,,,,,325.0,,,,393.5,,427.85,,471.75,,514.05,,560.05,,,,,,,,773.05,,,,,,,,,,,,,,,,,,,,,,,,,,,,,,
2025-01-01,12:35,,,,,,,,,,,,,,,,,,,,1221.6,,,,,,,,,,863.0,,802.45,,,708.5,674.95,,,,560.85,,,,,,413.9,,372.5,,331.85,,293.5,,,,,,,,,,,,,,,,,,,,,,,,,,,,,,,,,,,,,,,,,,,110.9,,123.5,,138.65,,154.0,,,,196.6,,214.8,,239.55,,268.1,,293.5,,328.1,,355.8,,395.95,403.0,429.0,,,,514.35,,,,608.0,,,,,,774.0,,,,,,,,,,,,,,,,,,,,,,,,,,,,,,
2025-01-01,12:40,,,,,,,,,,,,,,,,,,,,,,,,,,,,,,863.0,,,760.0,,,675.95,,626.5,592.25,564.0,,,,459.0,,414.55,,372.5,,328.0,,,,,,,,,,,,,,,,,,,,,,,,,,,,,,,,,,,,,,,,,,,,,110.95,,122.0,,133.0,,,,,,193.75,,215.0,,238.3,,264.2,,295.8,307.45,324.55,,354.0,,395.95,409.35,432.9,,473.0,,510.95,,,,606.0,,,,,,775.0,,,,,,,,,,,,,,,,,,,,,,,,,,,,,,
2025-01-01,12:45,,,,,,,,,,1624.0,,,,,,,,,,,,,,,,,,,,,,,,735.0,,670.0,,611.35,,560.0,,,,,,412.45,,,,328.5,,,,,,,,,,,,,,,,,,,,,,,,,,,,,,,,,,,,,,,,,,,,,111.0,,123.05,,,,146.9,,172.5,,197.45,,215.25,,,,,,294.7,,328.5,,,,391.45,415.3,431.15,,472.1,,514.8,,563.0,,,,,,,,778.0,,,,,,,,,,,,,,,,,,,,,,,,,,,,,,
2025-01-01,12:50,,,,,,,,,,,,,,,,,,,,1212.0,,,,,,,,,,858.0,,797.0,760.05,,694.65,670.0,,,,554.55,,507.45,,,,405.8,387.3,365.35,,328.0,,,,,,,,,,,,,,,,,,,,,,,,,,,,,,,,,,,,,,,,,,,97.0,,111.9,,123.9,,138.05,,155.15,,174.2,,198.0,,217.15,,239.6,,,,294.8,,328.0,,,,394.95,412.7,430.6,,,,516.75,,,,611.0,,,,,,781.95,,,,,,,,,,,,,,,,,,,,,,,,,,,,,,
2025-01-01,12:55,,,,,,,,,,,,,,,,,,,,1201.0,,,,,,,,,,843.0,,,,717.95,,655.3,,598.25,,554.95,,497.1,,451.45,,407.35,377.0,,,315.2,,,,,,,,,,,,,,,,,,,,,,,,,,,,,,,,,,,,,,,,,,,98.5,,113.0,,124.95,,140.7,,157.3,,175.0,,198.1,,,,,,270.05,,,,330.45,,,,403.0,,440.0,463.05,484.0,,520.9,,,,625.0,,,,,,790.0,,,,,,,,,,,,,,,,,,,,,,,,,,,,,,
2025-01-01,13:00,,,,,,,,,,,,,,,,,,,,,,,,,,,,,,835.0,,772.0,,715.9,684.6,652.0,,595.0,,542.95,,495.95,,,,,376.8,,,318.75,,281.2,,,,,,,,,,,,,,,,,,,,,,,,,,,,,,,,,,,,,,,,,,,115.05,,125.4,,,,159.8,,,,201.3,,222.7,,,,274.9,,304.0,,338.6,,368.0,,406.0,,443.5,,,485.0,529.05,,580.0,,631.0,,,,,,791.0,,,,,,,,,,,,,,,,,,,,,,,,,,,,,,
2025-01-01,13:05,,,,,,,,,,,,,,,,,,,,1201.0,,,,,,,,,,841.0,,787.0,,716.65,688.8,,,,,548.4,,,,,,403.1,,,,320.5,,283.0,,,,,,,,,,,,,,,,,,,,,,,,,,,,,,,,,,,,,,,,,,,113.35,,,,,,158.2,,177.35,,201.0,,222.55,,247.0,,,,301.5,,333.0,,366.0,,401.1,,,,,,524.6,,573.95,,,,,,,,789.0,,,,,,,,,,,,,,,,,,,,,,,,,,,,,,
2025-01-01,13:10,,,,,,,,,,,,,,,,,,,,,,,,,,,,902.05,,837.0,,774.0,,715.0,,,,,570.0,542.85,,,466.45,441.05,,,,,,316.2,,,,,,,,,,,,,,,,,,,,,,,,,,,,,,,,,,,,,,,,,,,100.85,,115.45,,126.25,,141.05,,157.75,,,,202.15,,223.0,,248.75,,274.0,,302.4,,333.5,,,,412.6,430.0,,,490.0,,532.0,,,,631.0,,,,,,,,,,,,,,,,,,,,,,,,,,,,,,,,,,,,
2025-01-01,13:15,,,,,,,,,,,,,,,,,,,,1203.0,,,,,,,,,,,,,,,687.9,660.8,,603.5,574.95,548.5,,,,452.45,,400.55,,362.4,,318.95,,,,,,,,,,,,,,,,,,,,,,,,,,,,,,,,,,,,,,,,,,,96.65,,113.35,,125.6,,141.4,,158.0,,177.45,,200.6,,,,,,270.75,,301.45,,338.0,,,,407.8,420.0,441.0,,480.2,507.05,525.0,,,,626.0,,,,,,,,,,,,,,,,,,,,,,,,,,,,,,,,,,,,
2025-01-01,13:20,,,,,,,,,,,,,,,,,,,,1207.95,,,,,,,,,,852.0,,784.2,,720.0,691.05,661.65,632.85,606.05,,548.7,,,473.8,450.0,426.4,403.3,382.5,361.7,341.4,322.45,,,,,,,,,,,,,,,,,,,,,,,,,,,,,,,,,,,,,,,,,,,,,114.0,,,,140.15,,157.35,,,,200.25,,220.35,,,,,,299.95,,335.05,345.85,363.8,,402.7,418.9,439.0,,477.4,,528.8,,,,619.2,,,,,755.8,,,,,,,,,,,,,,,,,,,,,,,,,,,,,,,
2025-01-01,13:25,,,,,,,,,,,,,,,,,,,,,,,,,,,,,,843.5,,,,,,,,605.0,,552.0,,500.15,471.55,447.2,426.7,404.6,,,,322.95,,287.0,,,,,,,,,,,,,,,,,,,,,,,,,,,,,,,,,,,,,,,,,,,113.5,,125.5,,144.7,,157.0,,,,200.65,,,,,,,,,,332.05,343.95,366.45,,401.8,415.1,436.0,,477.45,496.9,524.45,,,,,,,,,,786.0,,,,,,,,,,,,,,,,,,,,,,,,,,,,,,
2025-01-01,13:30,,,,,,,,,,,,,,,,,,,,,,,,,,,,,,846.85,,784.05,,,,,,,577.55,555.0,,,,,,406.95,,,,322.8,,285.05,,,,,,,,,,,,,,,,,,,,,,,,,,,,,,,,,,,,,,,,,,,113.1,,125.25,,140.65,,156.85,,,,198.7,,,,244.0,,,,296.0,,329.45,344.15,,,396.45,,,,,,520.0,,,,616.1,,,,,,,,,,,,,,,,,,,,,,,,,,,,,,,,,,,,
2025-01-01,13:35,,,,,,,,,,,,,,,,,,,,,,,,,,,,,,,,,,712.0,,,,,566.4,545.0,511.6,,464.7,441.05,417.8,399.0,,,,316.2,,281.0,,,,,,,,,,,,,,,,,,,,,,,,,,,,,,,,,,,,,,,,,96.65,,114.05,,125.7,,141.2,,,,178.1,,201.65,,,,,,,,302.25,,335.55,,,,404.4,,442.0,,,506.1,528.95,,575.65,,620.0,,,,,,,,,,,,,,,,,,,,,,,,,,,,,,,,,,,,
2025-01-01,13:40,,,,,,,,,,,,,,,,,,,,,,,,,,,,,,853.95,,,,728.3,,,,608.9,,556.05,,,,453.0,,,,,,325.0,,287.0,,,,,,,,,,,,,,,,,,,,,,,,,,,,,,,,,,,,,,,,,94.95,,110.85,,,,136.35,,,,174.15,,195.95,,217.0,,,,,,,,328.9,,357.5,,,412.3,430.0,,,,517.25,,563.25,,613.95,,,,,,779.7,,,,,,,,,,,,,,,,,,,,,,,,,,,,,,
2025-01-01,13:45,,,,,,,,,,1615.05,,,,,,,,,,,,,,,,,,,,,,,,731.0,700.05,667.95,,610.5,,555.65,,502.35,,,,405.5,,365.0,,322.9,,289.0,,,,,,,,,,,,,,,,,,,,,,,,,,,,,,,,,,,,,,,,,,,110.0,,122.15,,,,,,,,196.75,,,,238.75,,264.8,,293.65,,325.0,,357.0,,389.9,423.1,430.5,,,,511.25,,561.0,,608.0,,,,,,775.7,,,,,,,,,,,,,,,,,,,,,,,,,,,,,,
2025-01-01,13:50,,,,,,,,,,,,,,,,,,,,1222.95,,,,,,,,,,848.85,,800.05,753.65,722.55,692.3,662.7,633.55,608.75,577.45,551.0,524.25,498.8,473.5,449.65,425.7,403.0,381.8,361.0,341.8,321.75,,287.6,,,,,,,,,,,,,,,,,,,,,,,,,,,,,,,,,,,,,,,,,,,109.95,114.05,121.1,,,,151.15,,172.3,,195.1,,211.85,,235.8,,264.1,,294.0,,327.2,,358.0,374.45,392.9,411.45,431.0,,471.8,493.7,515.9,538.75,557.95,,612.65,,664.3,,,748.65,775.65,,,,,,,,,,,,,,,,,,,,,,,,,,,,,,
2025-01-01,13:55,,,,,,,,,,,,,,,,,,,,,,,,,,,,,,855.05,,823.6,,749.75,705.6,675.95,,626.25,597.25,555.3,,510.0,,457.3,,409.95,395.1,,,330.5,,,,,,,,,,,,,,,,,,,,,,,,,,,,,,,,,,,,,,,,,,,,,106.05,,,,131.15,,147.0,,165.0,,189.05,,,,233.45,,259.15,,286.0,,318.0,,347.0,,374.05,395.0,419.0,450.15,457.95,,503.55,,,,600.7,661.1,,,,,761.9,790.1,,,,,,,,,,,,,,,,,,,,,,,,,,,,,
2025-01-01,14:00,,,,,,,,,,1670.0,,,,,,,,,,1251.0,,,,,,1018.7,,941.95,,888.0,,827.75,,754.6,,700.0,671.15,630.0,613.65,575.0,555.9,531.75,499.55,475.5,453.3,425.55,405.85,382.0,366.05,340.95,,302.65,,,,,,,,,,,,,,,,,,,,,,,,,,,,,,,,,,,,,,,,,,,103.9,108.45,113.85,,126.35,,143.5,,,,183.2,,200.55,,223.7,,249.85,,273.4,,308.5,323.25,340.5,356.75,372.0,391.65,406.65,,,,490.35,,,,585.6,,,,,,747.7,769.45,799.0,,,,,,,,,,,,,,,,,,,,,,,,,,,,
2025-01-01,14:05,,,,,,,,,,1670.0,,,,,,,,,,,,,,,,,,,,,831.7,822.95,,766.2,730.7,693.0,663.35,635.85,613.65,579.1,,524.8,499.55,477.0,460.2,425.15,405.85,391.0,366.05,340.5,,303.95,,,,,,,,,,,,,,,,,,,,,,,,,,,,,,,,,,,,,,,,,90.0,,103.0,,112.8,,127.05,,143.35,,,,182.0,,200.25,,225.5,,247.5,,275.9,,306.95,320.65,335.5,,367.6,384.55,408.0,421.55,442.0,462.9,490.0,512.5,530.2,,,,,,682.05,710.65,746.35,,790.0,,,,,,,,,,,,,,,,,,,,,,,,,,,,
2025-01-01,14:10,,,,,,,,,,,,,,,,,,,,1262.0,,,,,,,,,,882.9,,819.65,,755.85,,689.0,655.65,625.0,603.35,579.0,,517.95,490.0,468.8,,422.95,,374.0,,339.9,,296.05,,,,,,,,,,,,,,,,,,,,,,,,,,,,,,,,,,,,,,,,,89.0,,102.85,107.85,112.4,,126.9,,141.0,,161.3,,181.15,,202.2,,224.95,,250.2,,276.75,,307.0,,338.0,,373.6,,408.6,421.55,442.0,462.9,489.35,512.5,,,575.95,,,,,,748.0,,815.35,,,,,,,,,,,,,,,,,,,,,,,,,,,,
2025-01-01,14:15,,,,,,,,,,,,,,,,,,,,,,,,,,,,,,868.95,,799.95,,741.25,707.6,680.0,,616.9,590.9,567.0,,510.65,,463.0,,417.9,,,,333.45,,295.0,,,,,,,,,,,,,,,,,,,,,,,,,,,,,,,,,,,,,,,,,90.65,,105.0,,115.6,,128.95,,145.15,,162.1,,185.7,,,,228.3,,,,280.35,,311.05,,,,377.95,,415.85,,453.5,,496.7,519.9,530.2,,,,,,,,755.95,,817.6,,,,,,,,,,,,,,,,,,,,,,,,,,,,
2025-01-01,14:20,,,,,,,,,,,,,,,,,,,,,,,,,,,,,,859.0,,800.55,,734.0,,674.7,,,,558.25,,508.3,,,,415.45,,,,330.25,,293.0,,,,,,,,,,,,,,,,,,,,,,,,,,,,,,,,,,,,,,,,,,,107.2,,117.0,,,,147.2,,164.0,,187.25,,203.7,,231.4,,254.25,,282.95,,315.05,,,,381.6,,420.4,,,,503.25,,,,,,,,,,767.0,,,,,,,,,,,,,,,,,,,,,,,,,,,,,,
2025-01-01,14:25,,,,,,,,,,,,,,,,,,,,1220.0,,,,,,,,941.95,,859.0,,800.0,828.75,740.0,698.55,673.5,,,,566.45,,506.65,,455.55,,413.45,,,345.05,334.3,,,,,,,,,,,,,,,,,,,,,,,,,,,,,,,,,,,,,,,,,,,,,106.35,,117.4,,129.05,,147.15,,156.4,,187.0,,207.3,,,,255.8,,,,314.2,320.65,347.4,356.75,381.95,,415.0,442.7,461.8,,498.4,,545.1,,,,650.0,,,,765.0,,,,,,,,,,,,,,,,,,,,,,,,,,,,,,
2025-01-01,14:30,,,,,,,,,,,,,,,,,,,,,,,,,,,,,,867.0,,801.05,828.75,,704.7,,645.8,,,561.0,535.15,,,,,411.0,,,,330.0,,,,,,,,,,,,,,,,,,,,,,,,,,,,,,,,,,,,,,,,,,,,,106.8,,,,131.7,,,,,,188.55,,207.0,,,,257.0,,283.5,,314.6,,345.8,,,,416.0,,457.45,,503.0,,544.35,,,,,,,710.65,760.0,,,,,,,,,,,,,,,,,,,,,,,,,,,,,,
2025-01-01,14:35,,,,,,,,,,,,,,,,,,,,1236.05,,,,,,,,,,,,810.0,,739.95,,680.5,647.8,621.25,600.0,564.35,,510.0,,,,418.5,,378.0,,337.35,,298.95,,,,,,,,,,,,,,,,,,,,,,,,,,,,,,,,,,,,,,,,,86.7,,105.05,107.75,114.8,,130.05,,,,162.35,,186.0,,,,,,243.35,,,,313.2,,,,,,410.55,,,,500.8,,,,597.0,,,,,,761.25,,,,,,,,,,,,,,,,,,,,,,,,,,,,,,
2025-01-01,14:40,,,,,,,,,,,,,,,,,,,,,,,,,,,,,,864.0,,806.95,,739.0,,673.55,,,592.0,563.0,,,,460.5,,413.9,,,,332.65,,290.15,,,,,,,,,,,,,,,,,,,,,,,,,,,,,,,,,,,,,,,,,88.75,,104.6,,114.85,,128.3,,144.1,,162.1,,186.65,,,,,,253.95,,,,312.0,,,366.6,,,416.95,,457.35,,497.95,,,,,,,,,,758.0,,,,,,,,,,,,,,,,,,,,,,,,,,,,,,
2025-01-01,14:45,,,,,,,,,,,,,,,,,,,,1212.0,,,,,,,,,,856.0,,789.05,,724.1,,665.0,,599.95,574.2,552.75,,,,,,400.4,,360.0,,319.4,,286.45,,,,,,,,,,,,,,,,,,,,,,,,,,,,,,,,,,,,,,,,,90.55,,106.1,,117.1,,130.35,,147.5,,166.05,,188.95,,208.35,,,,259.45,,284.5,,317.0,,,,386.65,,422.0,445.15,465.75,,505.55,,,,,,,,,,775.0,,,,,,,,,,,,,,,,,,,,,,,,,,,,,,
2025-01-01,14:50,,,,,,,,,,,,,,,,,,,,,,,,,,,,912.0,,850.0,,783.35,,,693.05,663.0,,,,551.4,523.5,,,,,400.65,,362.95,,320.7,,286.25,,,,,,,,,,,,,,,,,,,,,,,,,,,,,,,,,,,,,,,,,92.4,,107.0,,117.6,,131.2,,148.3,,166.65,,190.85,,209.9,,232.25,,259.8,,288.95,,320.25,,350.05,,387.0,,425.0,445.1,466.3,484.75,506.45,,553.85,,606.05,,,,,,777.15,,,,,,,,,,,,,,,,,,,,,,,,,,,,,,
2025-01-01,14:55,,,,,,,,,,1605.05,,,,,,,,,,1205.0,,,,,,,,,,842.0,,779.35,,716.05,694.35,658.15,,601.5,,549.6,519.1,,,445.0,,,,,,319.65,,283.55,,,,,,,,,,,,,,,,,,,,,,,,,,,,,,,,,,,,,,,,,92.5,,108.0,,119.7,,133.6,,150.5,,169.6,,192.15,,213.65,,236.1,,264.7,,292.7,,322.6,,359.0,,,384.55,429.65,447.6,,,514.75,,,,,,,,,,782.0,,,,,,,,,,,,,,,,,,,,,,,,,,,,,,
2025-01-01,15:00,,,,,,,,,,,,,,,,,,,,,,,,,,,,,,844.3,,787.0,,724.0,,663.0,630.0,601.2,,548.6,518.6,495.0,,448.9,,402.55,,,,323.0,,284.0,,,,,,,,,,,,,,,,,,,,,,,,,,,,,,,,,,,,,,,,,,,110.0,,,,,,,,,,194.4,,,,238.4,,264.55,,292.2,,325.05,,358.8,,394.5,415.9,431.6,451.75,476.15,494.85,517.05,,565.05,595.0,620.0,,665.1,,682.05,,784.45,,,,,,,,,,,,,,,,,,,,,,,,,,,,,,
2025-01-01,15:05,,,,,,,,,,,,,,,,,,,,1197.0,,,,,,,,,,843.0,,781.8,,712.05,,658.0,,598.0,,548.3,519.05,492.0,,444.7,,401.85,,,,319.6,,,,,,,,,,,,,,,,,,,,,,,,,,,,,,,,,,,,,,,,,,,,,110.75,,122.0,,136.2,,,,171.0,190.1,194.85,,216.15,,238.1,,,,294.95,,327.45,,359.95,377.45,394.75,,432.5,,473.15,,519.0,,567.4,,,,,,,,784.0,,,,,,,,,,,,,,,,,,,,,,,,,,,,,,
2025-01-01,15:10,,,,,,,,,,1610.0,,,,,,,,,,,,,,,,,,,,855.0,,788.0,,727.6,692.95,666.6,,603.95,,548.1,,503.4,,,,403.0,,,,322.0,,287.55,,,,,,,,,,,,,,,,,,,,,,,,,,,,,,,,,,,,,,,,,,,109.5,,119.5,,,,,,,,195.0,,214.8,,237.75,,261.95,,292.85,,326.15,,356.85,370.9,387.55,411.85,429.0,,,,517.25,539.0,558.85,,,,,,,,784.85,,,,,,,,,,,,,,,,,,,,,,,,,,,,,,
2025-01-01,15:15,,,,,,,,,,,,,,,,,,,,1210.0,,,,,,,,,,854.0,,787.0,,,691.85,,,607.95,,553.4,,500.45,,454.0,,405.45,,,,324.55,,286.5,,,,,,,,,,,,,,,,,,,,,,,,,,,,,,,,,,,,,,,,,91.0,,109.0,,120.85,,,,,,,,192.95,,214.4,,237.65,,,,291.15,,322.0,,353.5,372.4,391.2,,427.5,,468.1,,512.0,,,580.75,613.0,,,,,,,,,,,,,,,,,,,,,,,,,,,,,,,,,,,,
2025-01-01,15:20,,,,,,,,,,,,,,,,,,,,,,,,,,,,,,856.45,,792.0,762.5,729.15,703.15,667.45,638.6,,,556.0,529.25,,480.15,454.25,,407.45,,,,326.0,,290.0,,,,,,,,,,,,,,,,,,,,,,,,,,,,,,,,,,,,,,,,,95.0,,109.2,,121.0,,,,150.75,,169.15,,193.65,,211.95,,232.0,,262.5,,288.85,,322.5,338.2,350.5,,388.55,408.3,427.35,443.1,464.0,489.95,513.0,532.0,558.7,577.0,,,,,,,776.75,,836.0,,,,,,,,,,,,,,,,,,,,,,,,,,,,
2025-01-01,15:25,,,,,,,,,,,,,,,,,,,,1220.35,,,,,,,,,,861.8,,799.35,,732.75,702.55,674.45,651.0,615.3,591.2,560.05,535.2,,489.45,458.2,,411.35,377.1,368.75,,329.05,,292.05,,,,,,,,,,,,,,,,,,,,,,,,,,,,,,,,,,,,,,,,,93.55,,106.7,,117.45,,133.15,,148.5,,166.7,,190.65,,210.05,,232.0,,258.0,,287.0,302.8,318.6,334.2,350.0,366.8,385.0,403.25,424.3,443.25,464.35,483.15,505.05,529.75,553.45,577.0,605.6,,650.55,,713.0,,766.75,,,,,,,,,,,,,,,,,,,,,,,,,,,,,,
2025-01-01,15:30,,,,,,,,,,,,,,,,,,,,,,,,,,,,,,,,,,,,,,,,565.0,,,,,,,,,,,,,,,,,,,,,,,,,,,,,,,,,,,,,,,,,,,,,,,,,,,,,,,,,,,,,,,,,,,,,,,,,,,,,,,,,434.2,,,,,,,,,,,,,,,,,,,,,,,,,,,,,,,,,,,,,,,,,,,,
2025-01-04,09:15,,,1725.0,,,,,,,1300.7,,,,,,1041.0,,,,887.95,,838.05,,760.05,,689.95,,624.0,612.85,572.0,535.0,550.15,487.45,453.55,432.25,402.05,,411.9,,310.05,,271.05,,233.55,,205.05,,190.0,,144.95,135.9,129.55,,106.15,,93.7,,86.3,,,,,,,,,,,,,,,,,,,,,,,59.0,,,70.0,79.0,90.0,95.0,,96.45,,115.05,,124.9,,151.0,,155.0,,178.0,,198.45,,221.45,238.3,250.0,263.85,269.05,289.7,295.95,,325.95,,389.0,,426.0,,440.45,,484.05,502.65,532.95,,577.05,,638.05,,,,757.95,,820.95,,,,969.05,,,,,,,,,,,,,,,,,,,,,,,,,,,,,,
2025-01-04,09:20,,,1720.0,,,,,,,1300.0,,,,,,1060.0,,980.0,,898.0,,840.95,,755.95,720.0,688.25,,623.6,585.9,559.0,527.05,503.8,485.8,446.25,427.85,397.0,389.0,347.7,,307.0,,265.9,252.1,230.0,,199.2,,169.95,156.05,148.65,137.9,128.15,,109.5,,95.45,,81.2,,,,,,,,,,,,,,,,,,,,,,50.0,57.3,,,73.0,,90.0,96.0,,102.95,,118.0,,130.8,,147.05,,158.7,165.85,175.0,,200.1,,222.5,,249.9,253.1,275.45,,303.95,301.15,334.0,,368.45,364.75,404.85,401.95,445.0,,482.0,510.0,532.05,,583.95,,644.0,,677.0,,762.45,,,,,,955.0,,,,,1217.0,,,,,,,,,,,,,,,,,,,,,,,,,
2025-01-04,09:25,,,,,,,,,,1301.0,,,,,,1080.0,,,,907.65,,860.95,,755.95,,703.4,,632.95,,565.6,,511.05,480.4,454.15,,400.25,,355.1,,313.9,,270.0,,235.4,,204.0,,173.65,162.2,152.45,140.65,130.75,,111.7,,97.1,,81.5,,,,,,,,,,,,,,,,,,,,,,50.6,55.35,,65.0,71.55,75.05,88.6,93.6,,103.8,,114.95,,127.95,,144.0,,,,175.5,,198.15,,214.9,,244.4,,264.9,,296.1,,324.45,,363.25,379.0,397.45,,436.65,440.0,474.45,,525.8,,575.9,,632.45,,,,753.45,,809.95,,863.95,,956.65,,,,,,,,,,,,,,,,,,,,,,,,,,,,,,
2025-01-04,09:30,,,1795.0,,,,,,,1335.0,,,,,,,,1000.5,,934.95,,879.65,,788.45,,722.55,,,,589.65,565.9,527.0,480.4,473.0,452.0,418.0,,369.6,,328.3,,282.25,,246.1,,213.0,,179.8,,158.5,149.65,135.25,,116.8,113.0,100.35,97.5,84.35,,,,,,,,,,,,,,,,,,,,,,48.3,53.1,,63.0,68.75,75.05,85.25,90.95,,100.0,,110.95,,122.5,,138.1,,152.1,,169.0,,188.0,,206.6,,234.15,234.5,257.55,,284.95,,315.1,,348.05,361.1,382.95,400.45,419.1,,460.7,482.0,504.1,,553.6,,609.5,,657.0,,725.05,,,,,,,959.85,,,,,,,,,,,,,,,,,,,,,,,,,,,,,
2025-01-04,09:35,,,1795.0,,,,,,,,,,,,,,,,,960.0,,891.85,,828.0,,741.9,,676.2,,611.0,578.65,546.0,,496.5,466.25,438.65,,388.5,,344.95,,295.05,285.0,256.7,,224.5,198.5,190.2,177.75,166.7,154.45,141.25,,120.95,,104.05,,88.4,,,,,,,,,,,,,,,,,,,,,,46.65,51.35,,,,72.05,81.9,87.05,,96.75,,106.35,,119.15,,133.55,,148.45,,163.5,,180.6,,202.3,,225.95,,251.4,270.0,274.7,284.1,304.1,,334.3,,366.5,,405.65,,446.6,,489.65,,536.45,,587.0,,,,701.4,,,,,,910.0,,,,,,,,,,,,,,,,,,,,,,,,,,,,,,
2025-01-04,09:40,,,,,,,,,,1396.0,,,,,,,,1059.45,,979.9,,,,848.3,,778.85,,,585.9,630.0,599.9,575.0,544.4,510.0,,452.45,436.15,397.15,,354.4,341.55,305.8,,265.85,,231.1,,198.05,,172.1,161.9,147.2,,129.0,,108.9,103.15,92.1,,,,,,,,,,,,,,,,,,,,,,46.15,51.45,,,66.1,71.4,81.25,87.0,,94.5,,104.55,115.65,,,132.0,,143.45,,158.55,,177.8,,199.35,,223.0,,245.3,,268.35,,294.5,,323.5,340.3,362.05,379.95,,,432.0,,476.2,,522.1,,580.0,,627.0,,682.9,,,,805.0,,875.9,,,,,,,,,,,,,,,,,,,,,,,,,,,,,,
2025-01-04,09:45,,,1820.25,,,,,,,1395.0,,,,,,1130.0,,1060.0,,980.0,,,,849.05,,759.0,,,667.45,636.1,,576.0,,515.0,,457.8,,406.0,,361.0,,312.0,,269.2,,236.8,,203.2,186.3,177.35,161.6,147.85,,125.85,,107.7,,92.1,,,,,,,,,,,,,,,,,,,,,,46.45,50.65,,,,71.4,80.45,,,94.2,,106.0,,118.0,,131.4,,143.4,,160.1,,175.0,,200.5,,220.55,,244.9,,269.65,282.5,297.65,,323.5,,360.0,382.3,400.3,,432.0,,481.4,,531.15,,577.05,,625.0,,683.95,,747.2,,805.0,,884.0,,,,,,,,,,,,,,,,,,,,,,,,,,,,,,
2025-01-04,09:50,,,1833.6,,,,,,,,,,,,,,,,,970.45,,,,,,,,,661.55,627.4,,576.55,,516.1,466.75,460.0,,395.9,,361.8,,310.45,285.1,274.35,,238.35,,204.95,189.7,176.7,158.55,150.65,,124.5,,104.15,103.15,90.05,,,,,,,,,,,,,,,,,,,,,,45.7,50.0,,,,70.5,79.25,85.5,,93.5,,106.2,,115.0,,128.35,,142.3,,160.0,,180.0,,197.65,,218.85,,242.55,,274.9,282.0,297.5,,326.35,,359.05,,400.0,,436.0,,476.6,,536.95,,575.6,,641.25,,684.85,,,,,,903.05,,,,,,,,,,,,,,,,,,,,,,,,,,,,,,
2025-01-04,09:55,,,,,,,,,,1377.0,,,,,,,,,,975.95,,897.1,,824.9,,760.0,,691.65,,629.4,,562.05,545.3,512.75,481.35,454.2,436.15,402.95,,352.8,336.1,307.0,285.1,266.0,,231.3,,200.65,,176.65,158.8,149.8,,126.6,,109.85,,90.3,,,,,,,,,,,,,,,,,,,,,,,50.45,,,64.75,72.05,79.9,85.45,,97.05,106.2,106.0,,115.95,,129.85,,147.25,,159.9,,183.0,,201.15,,221.0,,249.5,,270.0,282.0,303.75,,335.5,,364.25,385.35,404.4,,438.15,465.5,481.7,,530.15,,588.3,,630.5,,692.55,,747.2,,,,885.0,,,,,,,,,,,,,,,,,,,,,,,,,,,,,,
2025-01-04,10:00,2250.0,,1765.15,,,,,,,1335.0,,,,,,1130.0,,,,963.0,,,,808.0,,759.55,,692.25,658.95,625.25,605.35,538.0,511.45,508.0,450.0,446.75,,392.5,,353.2,327.6,299.5,286.0,250.95,,232.95,,198.25,,172.85,159.4,147.05,,124.15,,107.0,93.55,88.8,,,,,,,,,,,,,,,,,,,,,,46.9,51.2,,,67.25,73.45,82.1,90.1,,98.0,,106.05,,120.05,,133.0,,147.9,,167.5,,,,209.0,,225.7,234.5,248.75,,281.5,,304.4,,333.0,,367.05,,402.0,,442.0,,490.85,,535.45,,589.0,,,,699.6,,,,,,920.0,,,,,,,,,,,,,,,,,,,,,,,,,,,,,,
2025-01-04,10:05,,,1770.0,,,,,,,,,,,,,,,,,945.0,,,,803.0,,,,658.55,,601.65,,539.65,,481.45,453.0,427.0,,,355.0,336.2,,289.45,272.5,258.3,,219.75,,188.5,189.7,162.8,,139.2,,119.15,,103.4,,86.3,,,,,,,,,,,,,,,,,,,,,,47.2,52.2,,61.25,67.4,,84.0,89.9,,99.45,,108.0,,,,136.3,,149.9,,,,185.0,,209.0,,232.15,,256.15,,285.9,,315.0,,,340.3,378.95,,416.65,,465.0,,500.65,,550.8,,610.2,,666.3,,718.65,,,,,,924.9,,,,,,,,,,,,,,,,,,,,,,,,,,,,,,
2025-01-04,10:10,,,,,,,,,,,,,,,,1085.7,,,,929.0,,,,,,720.0,,658.75,,590.0,,530.0,,479.55,451.0,425.5,,376.45,,331.5,,289.4,,249.2,,217.75,,186.7,175.3,160.0,,136.3,,115.9,,100.05,,83.1,,,,,,,,,,,,,,,,,,,,,,47.5,52.55,,62.15,67.75,74.1,84.45,91.05,,99.55,,109.15,,122.0,,137.3,,152.45,,167.0,,189.55,,210.7,224.8,235.3,246.75,262.55,,285.45,,316.5,,344.45,363.45,385.3,,424.0,,465.5,,510.0,,559.5,,616.4,,666.45,,729.4,,795.35,,,,932.95,,,,,,,,,,,,,,,,,,,,,,,,,,,,,,
2025-01-04,10:15,,,,,,,,,,1348.0,,,,,,,,,,925.0,,,,,,713.0,,648.5,,584.0,,525.15,,,,419.7,,372.2,,326.6,,292.15,,251.0,,215.4,,182.45,,158.25,,134.2,,115.0,104.9,102.95,90.0,82.7,,,,,,,,,,,,,,,,,,,,,,47.15,51.8,,61.0,66.4,69.7,84.1,88.25,,99.0,,109.2,,119.35,,137.05,,,,,,189.4,,,,237.0,248.2,251.2,260.55,285.8,300.0,317.0,,348.05,,386.05,395.25,416.95,,459.75,,500.15,,548.5,,623.0,,670.05,,734.8,,,,848.0,,920.0,,,,,,,,,,,,,,,,,,,,,,,,,,,,,,
2025-01-04,10:20,,,1733.0,,,,,,,,,,,,,1034.25,,,,912.0,,897.1,,775.0,,730.5,,666.0,585.9,603.05,574.0,544.3,483.1,478.55,,434.0,,381.05,329.5,339.8,316.75,296.3,,258.0,226.05,216.6,,190.75,,165.35,,139.9,,117.0,101.05,102.35,94.0,86.7,,,,,,,,,,,,,,,,,,,,,,47.7,51.95,,61.0,68.3,73.2,82.25,87.5,,97.95,,108.95,121.2,121.0,,133.2,,150.0,,166.6,,189.15,,213.55,223.55,228.55,240.1,257.9,266.2,285.35,320.1,310.5,,338.5,364.05,373.65,,411.7,,487.95,505.0,510.8,,558.7,,600.9,,672.65,,728.5,,,,843.3,,,,,,,,,,,,,,,,,,,,,,,,,,,,,,,,
2025-01-04,10:25,,,1700.0,,,1440.0,,,,1241.0,,,,,,1003.05,,,,881.95,,,,,,671.6,,613.5,582.45,550.1,508.35,497.55,460.0,439.05,,387.6,,342.0,309.3,302.45,,261.1,233.8,227.5,,195.95,165.35,168.7,157.2,145.1,129.5,123.6,,104.7,98.6,91.95,84.15,76.9,,,,,,,,,,,,,,,,,,,,,,53.55,57.3,,70.0,74.2,82.0,92.9,98.6,,108.3,,120.4,130.7,134.0,,151.6,,166.85,,185.6,,205.35,,233.0,253.7,255.4,270.1,281.2,309.85,310.0,327.8,344.0,,373.05,399.0,416.05,,454.25,,507.3,,549.3,,624.0,,659.0,,753.0,,803.05,,865.0,,,,991.25,,,,,,,,,,,,,,,,,,,,,,,,,,,,,,
2025-01-04,10:30,,,1660.0,,,,,,,1238.0,,,,,,987.0,,1060.0,,846.05,,776.85,,712.45,,647.2,,569.9,544.0,523.1,484.35,469.4,,421.95,,365.05,,322.5,,285.2,260.1,246.65,223.75,214.0,194.7,185.4,170.55,159.0,148.8,137.0,124.75,117.55,,98.1,,87.05,78.25,71.35,,,,,,,,,,,,,,,,,,,,,,56.55,60.25,,73.95,84.7,88.0,98.6,109.0,,116.0,,126.9,136.4,143.3,,161.0,,178.35,,197.8,,218.15,,245.65,,270.55,283.4,300.0,319.85,330.0,353.25,364.0,,395.8,425.85,437.0,,484.15,,530.6,567.95,575.0,,635.9,,696.5,,767.6,,833.15,,,,,,1035.0,,,,,,,,,,,,,,,,,,,,,,,,,,,,,,
2025-01-04,10:35,2085.95,,1634.75,,,,,,,1222.0,,,,,,983.9,,,,840.3,,,741.45,693.75,,635.0,,581.0,544.0,515.05,484.35,466.2,,410.25,384.15,360.0,,318.7,,281.0,,245.15,226.7,210.65,197.1,181.0,167.0,155.5,146.45,134.95,125.55,115.0,,98.85,,85.25,,73.0,,,,,,,,,,,,,,,,,,,,,,55.45,59.9,,72.1,80.05,90.05,97.95,104.95,,115.1,,128.0,,150.9,,162.65,166.3,179.35,,197.65,,222.55,226.05,248.05,260.3,275.7,295.4,300.3,,329.5,353.25,362.65,,399.15,,447.05,462.35,490.0,,536.2,549.7,588.95,,641.6,,706.0,,761.3,,823.9,,894.7,,,,1048.05,,,,,,,,,,,,,,,,,,,,,,,,,,,,,,
2025-01-04,10:40,,,1634.75,,,,,,,1242.0,,,,,,,,922.85,,849.0,,,,,680.0,644.25,,589.6,,528.0,503.0,470.9,,418.55,393.25,371.2,348.85,325.9,303.1,286.0,,244.0,,215.35,199.6,183.0,171.0,157.9,148.0,136.95,126.75,117.0,,100.6,,86.05,80.15,74.85,,,,,,,,,,,,,,,,,,,,,,,60.9,,71.35,,,96.05,103.15,,112.55,,125.4,,140.3,,157.8,,176.3,,195.2,,216.0,,241.8,,266.75,,295.5,,325.65,341.9,360.0,368.85,396.55,425.85,433.9,,481.35,501.45,528.2,,575.0,,624.5,,690.0,,749.35,,801.8,856.3,,,,,1030.0,,,,,,,,,,,,,,,,,,,,,,,,,,,,,,
2025-01-04,10:45,,,1662.0,,,,,,,1254.0,,,,,,,,,,857.1,,776.85,,,680.0,648.0,,588.0,,530.0,501.15,479.55,446.3,420.05,400.0,372.1,348.85,327.0,,288.45,,253.5,,216.05,204.9,189.05,175.8,158.5,146.9,137.4,127.25,117.55,,100.7,,86.6,,76.0,,,,,,,,,,,,,,,,,,,,,,,58.55,,68.45,79.35,,95.4,102.55,,111.9,,124.9,,139.9,,158.5,,171.55,,197.8,,218.65,,240.6,,267.1,,293.0,,318.3,342.95,357.0,,387.0,396.95,432.65,,468.35,501.45,523.2,,566.75,580.6,613.0,,683.55,,732.7,,800.75,845.2,,,955.5,,1012.95,,,,,,,,,,,,,,,,,,,,,,,,,,,,,,
2025-01-04,10:50,2085.95,,1650.0,,,,,,,1224.0,,,,,,,,916.6,,847.0,,777.65,,709.15,672.75,643.45,,581.8,550.0,521.0,495.3,467.65,438.25,415.3,,370.0,,317.7,,283.95,260.1,244.2,,211.05,196.4,182.25,166.65,155.0,143.7,135.0,,115.0,,98.95,90.85,84.4,,72.0,,,,,,,,,,,,,,,,,,,,,,57.15,61.25,,74.15,80.0,87.55,97.75,105.75,,116.15,,132.0,,146.0,,163.95,,180.55,,200.0,,227.3,,250.0,,273.95,,305.1,,337.7,353.45,370.85,,404.05,424.25,441.45,,487.7,,534.0,558.65,582.0,599.5,636.0,,697.0,,753.35,,818.9,852.15,,,,,1038.0,,,,,,,,,,,,,,,,,,,,,,,,,,,,,,
2025-01-04,10:55,,,,1462.0,,,,,,1231.95,,,,,,993.1,,917.3,,841.1,,750.6,,710.5,644.95,645.0,,577.0,,522.7,496.45,467.0,,410.1,,365.5,,320.0,,285.25,253.65,243.55,221.0,211.75,,177.3,,152.05,,134.35,,114.25,,98.75,,84.9,,66.5,,,,,,,,,,,,,,,,,,,,,,60.0,62.15,,75.15,84.0,90.05,99.45,109.5,,123.55,135.0,141.0,149.6,148.3,,164.55,,190.95,,204.55,,225.85,,251.1,,277.45,,306.8,,336.0,361.9,373.1,,410.6,,449.4,492.85,499.55,528.45,540.0,582.85,600.95,,656.0,,703.75,,754.4,,818.85,,,,,,1061.0,,,,,,,,,,,,,,,,,,,,,,,,,,,,,,
2025-01-04,11:00,,,1606.1,,,1322.75,,,,1189.95,,,,,,950.0,,883.8,,811.6,,747.05,,674.05,643.65,612.1,,553.35,,495.0,,442.5,410.65,394.05,371.55,344.9,,302.8,,268.0,,231.15,214.6,199.0,184.25,171.0,,146.0,,127.25,,108.35,,93.6,84.7,80.75,,66.5,,,,,,,,,,,,,,,,,,,,,,60.0,66.4,,,86.55,95.0,106.7,113.65,,126.55,,137.7,150.2,157.3,,178.05,189.3,195.95,,216.7,,241.35,,266.0,,295.05,,324.4,,356.9,372.0,390.35,,429.3,,470.7,,516.0,,557.5,,615.45,646.05,671.8,,734.0,,790.45,,858.95,,,,,,1089.0,,,,,,,,,,,,,,,,,,,,,,,,,,,,,,
2025-01-04,11:05,,,1592.0,,,,,,,1178.05,,,,,,949.2,,876.3,,800.05,,739.05,,671.0,634.9,603.0,,545.2,,489.4,,439.3,410.65,388.0,,340.5,319.35,297.8,279.4,264.0,243.1,225.75,210.85,195.0,,168.25,155.75,143.95,,125.15,115.65,106.8,,91.45,84.55,78.75,,67.8,,,,,,,,,,,,,,,,,,,,,,59.05,66.25,,,86.45,96.65,108.85,117.0,,130.05,137.05,144.15,,161.4,,181.9,191.35,199.15,,223.25,,245.85,,271.15,285.2,300.0,,329.35,345.15,362.25,380.35,398.0,,435.4,,480.2,,522.15,545.8,573.7,,626.05,650.6,679.45,711.6,745.8,,806.05,,872.65,,,,,,1092.05,,,,,,,,,,,,,,,,,,,,,,,,,,,,,,
2025-01-04,11:10,2022.95,,1577.0,,,,,,,1167.05,,,,1020.0,,943.1,,875.45,,799.0,,731.55,,664.2,,602.0,,542.85,515.5,485.0,465.2,435.15,,384.15,,338.4,,296.1,,262.45,,,210.0,194.55,179.6,168.15,,142.85,132.8,125.0,,106.55,,91.25,84.55,79.35,70.75,65.0,,,,,,,,,,,,,,,,,,,,,,60.15,66.2,,80.05,87.75,97.55,110.0,118.15,,130.95,,145.75,,166.75,,184.2,,203.8,,225.1,,248.2,,274.85,288.0,303.85,,331.65,343.85,368.0,380.8,400.65,,438.35,456.05,484.15,500.6,527.25,,575.0,,627.05,651.3,680.95,,750.0,,810.95,,875.65,,,,,,1105.0,,,,,,,,,,,,,,,,,,,,,,,,,,,,,,
2025-01-04,11:15,,,1577.0,,,,,,,1167.05,,,,,,955.35,,872.35,,799.05,,743.7,,679.9,,,,542.25,,485.05,465.2,430.5,,386.0,,336.0,319.35,294.0,279.4,260.5,,221.55,,192.4,178.0,165.3,,143.55,133.65,122.95,114.8,105.0,,89.45,,80.6,,67.75,,,,,,,,,,,,,,,,,,,,,,58.2,65.25,,78.15,83.85,95.15,107.65,116.55,,129.65,137.05,144.2,,161.2,166.3,182.0,190.6,199.5,206.4,221.55,,246.5,,272.35,285.1,300.2,,329.45,,362.45,372.5,398.2,,438.0,,478.35,,523.05,,571.65,,,,681.7,,744.45,,,,,,940.75,,,,1105.0,,,,,,,,,,,,,,,,,,,,,,,,,,,,,,
2025-01-04,11:20,,,,,,,,,,1195.0,,,,,,949.15,,878.15,,807.05,,741.5,,,634.9,609.0,,547.75,,492.85,,439.6,,389.05,,342.05,320.2,300.25,281.5,264.05,243.1,224.5,206.75,196.35,181.5,169.15,154.7,144.35,133.7,124.75,115.85,107.4,,91.6,86.7,79.6,,67.8,,,,,,,,,,,,,,,,,,,,,,,63.35,,77.35,84.6,94.0,105.6,115.75,,127.15,134.4,142.3,150.25,159.1,,180.0,188.0,197.9,209.2,220.3,,244.8,,271.0,,297.2,309.0,326.75,,360.25,,394.05,,435.45,,474.55,,516.0,545.8,568.6,583.7,620.0,637.85,682.85,,734.65,,789.0,,866.2,,940.75,,,,1076.05,,,,,,,,,,,,,,,,,,,,,,,,,,,,,,
2025-01-04,11:25,,,,,,,,,,1175.0,,,,,,941.35,,877.85,,799.85,,,,675.0,618.7,610.0,,537.65,,493.2,,437.25,413.45,387.15,,338.15,,291.8,,264.5,,222.95,210.05,195.45,178.0,166.55,156.6,145.65,134.0,125.6,,105.25,,91.8,84.95,80.05,,65.5,,,,,,,,,,,,,,,,,,,,,,57.8,63.6,,76.75,85.6,92.85,105.3,111.5,,126.75,135.0,141.7,,157.95,170.0,179.0,192.6,199.7,213.3,218.45,,240.95,249.65,272.85,287.3,295.0,314.1,322.7,343.5,363.0,377.25,394.15,409.55,435.6,456.55,470.35,497.5,523.3,540.45,567.95,,624.1,,684.5,,728.9,,,,,,940.75,,,,1088.0,,,,,,,,,,,,,,,,,,,,,,,,,,,,,,
2025-01-04,11:30,,,1580.0,,,,,,,1170.0,,,,,969.55,951.55,,,,792.45,,,,664.05,640.55,600.0,,548.55,,490.7,,437.7,,383.15,,340.45,,298.9,,263.75,235.1,222.8,209.65,193.55,177.75,165.5,155.0,144.95,131.55,125.35,,105.0,,91.65,,79.45,70.75,65.0,,,,,,,,,,,,,,,,,,,,,,57.35,63.5,,76.85,86.35,96.1,106.45,114.65,,127.5,,142.95,,160.0,,179.15,196.8,197.5,210.7,219.8,,244.1,255.55,270.35,282.15,296.7,,328.7,,357.0,385.0,404.9,413.5,431.45,458.5,473.15,502.45,517.7,557.6,565.0,,617.55,644.85,,,740.1,,,,,908.75,,,,,1108.0,,,,,,,,,,,,,,,,,,,,,,,,,,,,,,
2025-01-04,11:35,,,1572.0,,,,,,,1165.0,,,,,,925.95,,860.0,,790.0,,,,657.55,,594.85,,527.9,,479.65,,428.0,,372.55,,332.0,,290.85,,257.2,235.05,220.05,202.2,189.6,175.65,164.7,151.0,141.8,130.25,122.5,,104.1,,89.95,83.55,77.8,68.75,,,,,,,,,,,,,,,,,,,,,,,59.1,65.25,,78.85,86.45,96.1,109.95,118.35,,133.25,,149.4,,169.95,,185.35,196.8,205.0,,225.05,,252.0,,280.05,296.05,305.55,,337.05,,369.0,386.1,404.0,,450.0,,485.3,,530.45,,578.7,,632.8,661.7,701.65,,755.0,,832.15,,885.0,,,,,,,,,,,,,1426.75,,,,,,,,,,,,,,,,,,,,,,,
2025-01-04,11:40,2000.0,,1550.0,,,,,,,1155.0,,,,,,927.4,,,,782.25,,,,654.7,604.95,591.0,,530.05,,472.9,,425.5,,373.95,352.35,329.45,302.45,288.0,267.15,255.2,235.05,221.15,199.75,188.2,175.3,162.6,148.75,140.1,130.25,121.15,,103.85,,88.2,82.3,76.6,70.95,64.05,,,,,,,,,,,,,,,,,,,,,,59.8,66.75,,80.0,89.8,99.3,112.05,120.1,,133.75,,149.25,,171.95,,188.7,,207.55,225.6,229.35,,254.0,271.15,280.75,,308.65,326.9,339.95,356.75,373.9,395.0,408.9,442.15,451.6,484.85,492.5,,541.0,560.0,,,646.0,,,,761.8,,,,890.0,,,,,,1114.0,,,,,,,,,,,,,,,,,,,,,,,,,,,,,,
2025-01-04,11:45,,,,,,,,,,1134.05,,,,,,913.45,,,,775.5,,,,636.35,,577.8,,518.95,,465.0,,413.25,,367.35,344.15,324.7,302.45,281.5,,251.35,,214.55,201.4,185.35,172.9,161.2,147.85,138.15,,119.35,,102.55,,87.8,81.35,75.7,71.0,64.0,,,,,,,,,,,,,,,,,,,,,,60.65,66.85,,,88.7,99.3,112.35,123.2,,135.55,,152.25,,171.95,,190.35,,210.35,,234.85,,258.3,,287.8,298.0,314.65,329.35,346.6,,379.05,,416.0,,459.6,,501.95,515.7,555.35,,604.45,,656.0,,,,778.95,,832.25,,,,,,,,1141.0,,,,,,,,,,,,,,,,,,,,,,,,,,,,,,
2025-01-04,11:50,2000.0,,1550.0,,,,,,,1155.95,,,,,,923.75,,,,784.15,,709.5,,650.5,,581.3,,529.0,,473.5,,,393.35,374.55,,330.5,,289.7,267.15,256.8,235.05,219.05,204.25,190.25,,162.95,149.7,141.35,129.85,121.25,,103.8,,88.35,82.55,77.0,,64.05,,,,,,,,,,,,,,,,,,,,,,61.05,66.5,,81.1,90.0,97.75,111.8,119.8,,133.7,142.85,149.3,,166.05,,187.75,,207.4,,229.85,,252.95,,,,309.4,325.75,339.55,,372.95,,414.25,,451.9,,494.95,526.75,541.3,570.25,,,644.25,,700.05,,772.75,,828.7,,904.25,,,,,,1123.0,,,,,,,,,,,,,,,,,,,,,,,,,,,,,,
2025-01-04,11:55,,,1543.15,,,1306.75,,,,1144.0,,,,,,917.8,,,,773.3,,,,645.0,,583.0,,522.5,,467.15,443.0,422.05,,366.95,,322.85,,284.9,270.9,251.65,232.35,218.05,202.35,186.55,,160.9,148.9,137.75,,118.45,,103.05,,,81.85,75.0,,,,,,,,,,,,,,,,,,,,,,,,61.3,67.7,,81.0,90.45,99.85,114.25,122.9,,136.7,,151.5,159.95,167.75,,190.45,,210.0,,231.35,,255.9,,284.15,,315.0,327.45,346.6,361.65,378.05,,414.15,,457.95,,505.0,,546.15,,595.25,,651.85,,706.0,,779.3,,,,904.25,,,,,,1131.0,,,,,,,,,,,,,,,,,,,,,,,,,,,,,,
2025-01-04,12:00,2000.0,,,,,,,,,1134.95,,,,,,917.55,,,,773.6,,706.6,,641.05,,577.6,,522.15,,471.45,,415.75,393.35,369.75,,326.55,,286.0,,254.75,230.05,217.35,198.25,188.3,174.1,162.0,,138.25,,120.2,,103.05,,88.2,,75.2,,64.0,,,,,,,,,,,,,,,,,,,,,,60.75,66.45,,80.35,87.55,,111.05,120.3,,133.45,,148.65,162.6,168.95,,188.6,196.2,206.8,225.6,231.75,,253.55,,280.6,298.0,310.65,,343.85,361.65,376.0,394.8,412.55,,456.5,,498.6,,547.0,570.25,603.0,,658.2,,716.3,,773.2,,836.0,,909.2,,,,1062.0,,1143.4,,,,,,,,,,,,,,,,,,,,,,,,,,,,,,
2025-01-04,12:05,,,1557.7,,,,,,,1141.0,,,,,,905.65,,835.75,,761.3,,702.3,,632.35,,569.0,,514.8,,463.2,,409.7,,363.0,,318.5,303.3,283.55,,249.0,,214.15,198.25,183.3,172.8,158.95,,136.55,,118.0,111.55,102.45,,86.95,,75.95,,62.9,,,,,,,,,,,,,,,,,,,,,,,67.45,,79.9,89.5,99.45,113.2,120.45,,134.55,,150.75,,168.0,,190.2,,208.85,222.1,233.55,,255.45,271.15,282.75,300.6,315.55,,345.0,,381.0,,419.55,,,484.85,502.5,526.75,545.6,,596.0,,653.95,,716.3,,783.0,,841.45,,908.45,,,,,,1139.15,,,,,,,,,,,,,,,,,,,,,,,,,,,,,,
2025-01-04,12:10,,1940.0,1572.0,,,,,,,,,,,,,918.2,890.0,,,778.1,,,,643.6,604.95,592.0,,530.0,,470.9,,417.55,401.95,374.05,352.8,327.15,,286.1,272.2,252.5,230.05,216.85,202.6,187.4,174.3,161.85,,139.35,,119.3,111.5,103.35,,89.0,,76.9,71.0,65.0,,,,,,,,,,,,,,,,,,,,,,60.5,66.95,,77.25,91.15,96.9,111.5,117.65,,132.6,,148.15,,165.0,,186.35,,200.35,,226.25,,253.65,261.15,279.3,300.6,307.05,,336.1,,374.2,,405.0,442.15,446.65,462.75,494.55,,532.2,570.25,,,639.35,,,,770.2,,820.0,,,,,,,,1118.0,,,,,,,,,,,,,,,,,,,,,,,,,,,,,,
2025-01-04,12:15,,,,,,,,,,1184.0,,,,,,949.6,,869.0,,785.4,,723.0,,664.0,,601.0,,543.0,,478.4,,426.3,411.25,377.3,363.05,334.15,314.3,290.5,279.75,257.1,243.7,225.55,210.4,190.5,177.35,164.35,155.25,141.0,133.8,120.6,114.35,103.6,,88.3,82.2,76.0,72.0,65.5,,,,,,,,,,,,,,,,,,,,,,57.95,66.3,54.5,,84.65,,108.3,116.3,,125.65,,143.9,162.6,160.5,,181.6,,197.5,205.2,221.8,,245.65,254.9,265.5,281.65,303.55,311.35,330.0,337.75,365.0,378.6,400.3,,431.45,453.0,487.55,495.4,531.15,,576.25,,623.95,661.7,689.3,,750.1,,,,876.85,,949.85,,1062.0,,1104.1,,,,,,,,,,,,,,,,,,,,,,,,,,,,,,
2025-01-04,12:20,,,1605.6,,,1306.75,,1212.0,,1179.0,,1077.95,1050.0,,,930.2,,874.85,,799.0,,718.8,,671.7,,605.1,,528.45,,489.15,,435.0,,387.65,,340.0,,299.45,,264.9,,224.95,205.0,194.0,175.75,169.45,,143.95,,124.6,,104.45,97.5,90.0,,78.05,70.0,65.5,,,,,,,,,,,,,,,,,,,,,,57.95,64.7,68.9,,84.75,,105.0,114.1,,128.0,,139.4,156.05,162.85,,176.0,,201.05,,221.55,,239.65,,265.05,286.4,292.55,316.8,323.2,,355.5,386.4,394.95,,437.05,,471.75,,520.25,,576.05,,639.3,652.65,,,743.55,,,,,,,,,,1093.95,,,,,,,,,,,,,,,,,,,,,,,,,,,,,,
2025-01-04,12:25,,,,,,,,,,,,1077.45,,,,930.0,,,,790.0,,716.55,,654.0,,589.6,,537.8,,477.8,,427.0,,375.45,,333.85,,,,256.0,,222.85,207.4,189.05,176.2,164.4,152.05,142.1,,121.1,,104.0,97.5,89.3,,76.65,,,,,,,,,,,,,,,,,,,,,,,,60.4,67.55,72.1,77.5,85.95,96.2,109.15,116.3,122.4,130.8,,144.95,,162.0,,182.4,,201.05,210.45,222.15,,248.45,,270.6,287.65,303.25,,332.7,,367.05,,405.3,,442.65,,488.4,,531.65,550.85,,,,655.55,684.2,,756.45,,,,,,970.1,,,,1111.1,,,,,,,,,,,,,,,,,,,,,,,,,,,,,,
2025-01-04,12:30,,,,,,,,,,,,,,,,,,872.65,,784.0,,723.55,,,629.45,600.0,,541.2,515.5,474.15,,432.65,,385.5,,333.95,,298.95,276.15,254.7,244.0,219.6,,189.7,175.4,167.95,153.3,140.35,,120.45,,103.4,,,,76.55,71.0,66.9,,,,,,,,,,,,,,,,,,,,,,,67.85,69.55,,87.45,93.15,109.35,117.7,,128.0,,145.8,,161.05,,182.55,,201.0,210.65,216.9,,241.45,,,288.35,304.05,,331.2,,364.0,373.0,400.55,,444.8,,482.15,,527.45,,565.6,,618.75,650.65,677.8,,756.25,,802.2,,,,,,,,1100.0,,,,,,,,,,,,,,,,,,,,,,,,,,,,,,
2025-01-04,12:35,,,,,,,,,,,,,,,,,,,,799.2,,,,,,609.0,,545.0,,485.75,443.0,430.15,,384.1,,334.75,,301.55,,262.2,,228.3,212.05,194.55,181.9,168.15,,144.6,,124.55,,106.5,,89.6,,78.8,71.0,66.9,,,,,,,,,,,,,,,,,,,,,,58.5,66.0,69.8,,85.8,93.45,105.4,112.3,126.0,124.8,,139.95,,158.25,,178.45,,196.85,206.75,217.75,,240.3,,,,296.35,,325.55,336.0,358.0,378.05,,,433.5,,476.85,,519.0,,568.9,,630.0,,669.3,,752.0,,,,,,,,,,1090.0,,,,,,,,,,,,,,,,,,,,,,,,,,,,,,
2025-01-04,12:40,,,1582.55,,,,,,,,,1090.0,,,,,,,,806.05,,,,656.3,,609.0,,,518.0,489.7,455.0,438.5,,384.8,,342.0,,296.75,,264.9,,225.55,,195.95,180.7,169.85,,142.65,,125.0,,105.95,95.9,,,79.05,71.0,65.6,,,,,,,,,,,,,,,,,,,,,,,65.05,69.15,,83.45,93.0,103.55,112.5,,126.95,,139.15,148.0,156.4,,173.75,,,205.85,213.7,220.05,237.65,,265.8,,290.0,,323.1,338.8,357.85,,393.3,,431.2,452.1,469.15,,513.45,,568.9,,,640.0,,,732.75,,,,,,,,,,,,,,,,,,,,,,,,,,,,,,,,,,,,,,,,
2025-01-04,12:45,,,,,,,,,,,,,,,,937.8,,,,789.25,,,,656.95,625.0,591.0,,,497.75,479.05,,419.95,,378.2,,333.45,,290.85,271.1,257.7,,,,189.15,176.25,165.0,,139.8,,120.7,111.9,103.6,,88.0,,76.15,,63.6,,,,,,,,,,,,,,,,,,,,,,60.65,66.75,71.2,,,,107.75,117.95,,129.25,,143.2,,159.95,,180.0,,200.0,215.75,220.25,,248.1,,271.65,283.55,299.0,,330.05,,362.55,379.5,398.05,423.0,438.05,,480.8,513.9,523.7,549.2,,,633.95,,,,745.8,,,,,,,,,,,,,,,,,,,,,,,,,,,,,,,,,,,,,,,,
2025-01-04,12:50,,,1571.0,,,,,,,1163.0,,,,,,,,,,785.45,,717.4,,652.25,,588.0,,,,475.5,445.85,427.65,,372.1,,332.25,,290.0,271.0,255.5,,220.85,,189.15,174.65,161.2,,139.05,,119.55,110.15,102.35,,,,76.25,,64.95,,,,,,,,,,,,,,,,,,,,,,,67.9,71.15,,86.0,95.5,108.4,118.25,,129.5,,144.5,154.45,160.4,,179.7,189.0,198.8,,222.8,,247.05,,272.0,,301.6,,336.0,,367.05,383.65,401.0,,441.0,,488.5,,534.4,,,,,,685.65,,752.0,,,,,,,,,,,,,,,,,,,,,,,,,,,,,,,,,,,,,,,,
2025-01-04,12:55,2000.0,,,,,,,,,1157.8,,,,,,922.3,,,,783.05,,707.65,,651.0,,584.0,,532.05,,477.7,,417.0,,370.6,,327.0,,284.4,,255.05,,,,188.2,171.25,160.25,,139.85,,119.75,,99.95,,87.2,,75.45,,63.0,,,,,,,,,,,,,,,,,,,,,,,67.65,72.7,,,97.55,109.15,117.75,,130.1,,149.0,,163.65,,181.0,193.4,203.2,214.8,226.85,,246.7,,,,302.85,,338.0,354.75,367.65,396.7,411.3,,448.0,,488.25,,536.3,,,,644.0,,700.95,,756.45,,,,,,,,,,1125.0,,,,,,,,,,,,,,,,,,,,,,,,,,,,,,
2025-01-04,13:00,,,1551.7,,,,,,,1147.95,,,,,,907.9,,,,772.65,,697.6,750.85,639.85,,573.5,,522.05,,469.4,,415.5,,368.0,,324.95,300.0,282.5,261.0,250.85,,210.55,196.05,182.65,169.0,159.6,146.75,134.15,124.65,117.0,,98.25,,85.05,,73.0,,61.95,,,,,,,,,,,,,,,,,,,,,,60.45,67.6,,81.9,88.95,,109.65,118.9,,132.95,,147.95,156.65,165.9,,184.45,196.5,,,230.2,238.8,254.95,,284.35,,307.95,,339.85,361.45,378.0,395.0,412.5,,451.25,,494.5,,543.25,,,,649.35,,,,768.5,,,,,,,,,,1129.3,,,,,,,,,,,,,,,,,,,,,,,,,,,,,,
2025-01-04,13:05,,,,,,,,,,,,,,,,910.75,,834.3,,768.2,,695.0,,633.05,,572.05,,513.0,487.5,458.5,437.3,412.3,,363.0,,317.2,299.05,281.7,261.0,246.45,,210.65,196.45,182.0,166.9,157.0,144.25,134.95,,114.85,,98.45,,83.85,,73.45,,,,,,,,,,,,,,,,,,,,,,,,61.85,69.2,,81.9,89.1,99.55,112.05,121.0,,134.45,,150.1,,166.7,,189.0,197.45,,,231.45,,254.45,,282.35,296.1,313.8,,342.05,,379.0,,417.4,,455.5,,500.55,524.95,548.55,,,,653.1,,,,776.25,,837.4,,907.4,,982.15,,,,,,,,,,,,,,,,,,,,,,,,,,,,,,,,,,
2025-01-04,13:10,,,,,,,,,,,,,,,,908.4,,834.3,,768.55,,695.0,,638.55,,572.3,,516.5,,460.0,433.15,412.05,,361.4,,318.2,,278.5,262.7,245.6,,212.05,,181.45,,157.8,146.0,136.0,124.65,115.85,,,,84.2,,73.05,,,,,,,,,,,,,,,,,,,,,,,,,68.6,,,88.35,98.35,111.25,121.95,,134.25,,149.6,,165.55,,187.6,197.45,,218.75,229.9,,252.6,,281.0,291.75,310.5,,342.65,,377.95,,413.95,,456.55,,501.45,,548.5,567.65,,,647.7,,,,777.0,,838.9,,,,982.15,,,,,,,,,,,,,,,,,,,,,,,,,,,,,,,,,,
2025-01-04,13:15,,,1540.0,,,,,,,1128.05,,,,,,908.55,,838.05,,763.75,,,,631.0,,568.15,,519.65,,464.4,431.1,406.4,,365.45,,320.85,,274.4,,248.7,,211.5,,182.65,,159.2,,133.9,,115.8,105.5,97.5,99.05,,,73.05,,,,,,,,,,,,,,,,,,,,,,,,61.5,68.3,,80.95,92.35,97.1,109.75,118.75,,133.0,,149.35,,166.0,,185.3,,208.6,224.1,225.75,,251.55,,281.0,305.1,309.7,,346.95,,380.55,398.0,411.0,,451.3,,497.1,,544.7,580.6,,,648.45,692.3,720.45,,776.15,,,,,,,,,,1136.05,,,,,,,,,,,,,,,,,,,,,,,,,,,,,,
2025-01-04,13:20,,,,,,,,,,,,,,,,897.55,,,,757.1,,688.0,,627.8,,569.0,,507.65,,455.7,431.0,404.05,375.0,356.3,,310.85,,273.6,255.2,242.05,,209.05,,176.85,166.65,155.2,141.1,131.4,,113.55,,96.9,,82.25,,72.1,,60.55,,,,,,,,,,,,,,,,,,,,,,,70.65,,83.0,91.0,100.8,114.55,123.5,,137.0,,153.45,,,,191.65,,214.85,226.4,235.0,,265.3,,289.0,,318.05,,348.7,,385.1,,429.15,,464.45,,510.2,530.95,555.0,,,,664.0,,,,800.0,,853.1,,,,996.55,,,,1156.05,,,,,,,,,,,,,,,,,,,,,,,,,,,,,,
2025-01-04,13:25,,,1517.15,,,,,,,1116.05,,,,,,892.05,,,,754.0,,683.15,642.4,620.55,,558.4,,505.0,,452.45,,400.0,,355.3,,310.65,,273.45,,240.9,,207.5,,176.1,,153.6,,131.35,,113.05,,97.0,,82.25,,71.85,,,,,,,,,,,,,,,,,,,,,,,,64.45,71.6,,,92.95,103.9,116.35,126.3,,139.1,,155.2,,174.85,181.75,194.8,205.15,,228.5,238.0,,264.1,281.3,291.8,308.95,322.7,,355.35,372.85,389.6,,430.0,,470.85,,516.55,,565.95,589.3,,,670.0,713.7,,,792.85,,,,,,999.2,,,,,,,,,,,,,,,,,,,,,,,,,,,,,,,,,,
2025-01-04,13:30,,,,,,,,,,1103.0,,,,,,889.25,,,,748.0,,680.0,653.45,617.0,,557.25,,496.55,,450.0,425.0,397.0,,348.0,,310.8,290.65,271.55,255.2,237.0,,203.5,191.2,175.45,162.7,151.0,140.55,129.9,121.65,111.0,,95.05,89.4,80.75,,71.0,,61.0,,,,,,,,,,,,,,,,,,,,,,65.85,72.0,,,94.2,105.0,118.1,128.45,,144.0,152.55,159.1,169.45,178.0,,197.0,209.6,219.65,231.3,241.85,,269.0,,300.0,,325.9,341.5,364.35,,396.6,,433.85,,475.05,,518.0,,565.4,,611.15,,,713.7,,,802.2,,,878.4,,,1005.85,,1088.0,,,,,,,,,,,,,,,,,,,,,,,,,,,,,,,,
2025-01-04,13:35,,,,,,,,,,1124.05,,,,,930.0,900.1,,,,760.95,,,656.8,,,564.6,,507.85,481.5,456.2,429.75,407.3,375.0,359.7,,317.4,,275.5,,241.85,,210.0,,177.75,167.35,153.2,,132.3,121.65,113.2,105.5,96.9,89.1,82.65,76.8,72.0,66.55,59.5,,,,,,,,,,,,,,,,,,,,,,63.5,71.45,,84.1,92.45,105.0,115.8,128.45,,139.25,,156.0,,172.7,,193.55,,213.8,,236.85,,262.9,276.65,290.1,,320.5,,,,388.5,,424.4,,468.25,,511.55,536.85,557.0,,607.65,,664.6,,,,788.95,,,,,,,,,,1150.0,,,,,,,,,,,,,,,,,,,,,,,,,,,,,,
2025-01-04,13:40,,,,,,,,,,,,,,,,903.85,,,,764.0,,,,,,573.65,,511.9,,456.45,,403.85,,358.6,,317.0,290.65,274.35,,242.45,,208.8,,178.35,,155.0,,132.45,124.15,112.4,,96.9,,81.8,,71.45,,60.45,,,,,,,,,,,,,,,,,,,,,,64.25,71.65,,84.1,91.85,101.85,116.25,126.35,,138.85,,155.95,,173.85,,192.5,,213.35,227.4,237.8,,261.8,,288.45,,320.0,,351.0,,386.0,407.6,426.4,,,,509.3,,559.0,,612.0,,,,,,788.0,,853.1,,,,,,,,1155.95,,,,,,,,,,,,,,,,,,,,,,,,,,,,,,
2025-01-04,13:45,,,,,,,,,,1108.0,,,,,,887.2,,,,750.0,,685.0,,,591.0,568.0,,507.35,,456.0,425.6,404.55,,351.0,,310.0,,273.65,,244.15,,206.0,,177.55,164.5,156.0,,130.25,123.25,113.95,104.8,96.8,,82.8,,,,,,,,,,,,,,,,,,,,,,,,,,,72.0,78.25,85.5,93.0,,116.3,127.0,,139.95,,157.25,,173.5,,194.05,208.3,215.0,,242.95,,265.9,,,,321.35,,359.05,376.2,392.0,414.2,434.6,,474.45,,513.05,,558.65,,623.95,,664.5,,,,792.55,,857.95,,,,,,,,,,,,,,,,,,,,,,,,,,,,,,,,,,,,,,
2025-01-04,13:50,,,,,,,,,,1125.0,,,,,,,,,,755.35,,,,629.0,,563.05,,504.75,,451.45,427.55,401.65,381.25,357.3,,312.75,295.8,275.0,,240.7,,207.3,,180.35,166.45,154.1,,132.7,,112.4,104.8,96.15,89.1,81.85,,70.8,,,,,,,,,,,,,,,,,,,,,,,,,72.8,,85.5,94.0,102.2,117.45,,,140.95,,155.9,,174.95,,196.55,204.9,216.35,,237.55,,263.0,,,,325.9,,355.85,376.2,391.35,,425.65,,467.75,,518.55,,559.75,,623.95,,678.0,,,,793.45,,861.95,,,,1005.85,,,,,,,,,,,,,,,,,,,,,,,,,,,,,,,,,,
2025-01-04,13:55,,,,,,,,,,1125.0,,,,,,,,,,760.0,,,651.0,628.0,,561.9,,506.75,477.9,456.65,431.9,404.65,381.15,357.6,,310.65,,276.95,,244.75,,210.35,,180.2,,153.45,,131.6,,113.65,,96.4,,82.05,,71.65,,61.0,,,,,,,,,,,,,,,,,,,,,,64.25,71.8,,83.95,92.9,102.8,116.45,125.75,,140.0,152.55,155.1,,172.85,,194.8,,216.1,228.2,238.8,,262.85,,290.95,308.95,320.8,349.35,355.85,,389.0,414.2,424.75,,468.1,,511.0,,558.0,,,,666.0,,723.8,,796.75,,,,,,,,,,,,,,,,,,,,,,,,,,,,,,,,,,,,,,,,
2025-01-04,14:00,,,,,,,,1212.0,,1115.0,,,,,,,,,,745.0,,,,617.2,,557.5,,500.95,,447.95,,401.8,,350.55,,308.6,,276.95,260.0,238.4,229.0,205.8,,176.7,167.1,152.45,,129.85,,111.0,,94.25,89.2,80.05,,70.1,,58.85,,,,,,,,,,,,,,,,,,,,,,,74.2,76.0,,93.05,,120.65,130.0,,143.4,,160.2,,,187.25,197.95,,216.5,231.3,243.0,,267.65,,296.0,,326.45,340.85,359.05,,393.15,415.0,434.65,,474.3,,520.05,,566.65,,,,,,,,802.45,,,,,,,,1088.0,,,,,,,,,,,,,,,,,,,,,,,,,,,,,,,,
2025-01-04,14:05,,,1517.15,,,,,,,1120.0,,,,,,,,,,765.0,,692.85,654.95,632.0,,574.35,537.0,503.05,,463.55,423.4,,,363.0,338.0,312.85,,281.1,,247.6,,209.05,,182.7,167.65,157.2,,133.15,,114.8,,,,82.0,,71.85,,,,,,,,,,,,,,,,,,,,,,,,64.0,71.05,,86.65,94.15,104.0,114.5,126.95,,139.0,,155.0,,170.0,,192.35,,217.05,,236.5,250.15,257.65,280.5,,,316.35,332.35,349.3,,392.0,,424.4,,459.0,,503.85,,562.35,584.8,,,671.3,693.85,730.45,,780.25,,846.2,,,,1003.55,,,,1158.0,,,,,,,,,,,,,,,,,,,,,,,,,,,,,,
2025-01-04,14:10,,,,,,,,,,,,,,,,,,,,751.25,,,,620.0,,560.05,,504.65,,453.15,,401.75,378.0,356.0,,313.9,294.1,274.05,,240.35,,210.2,,178.5,165.6,155.25,142.35,131.25,,112.9,,96.4,89.9,82.0,,71.4,,,,,,,,,,,,,,,,,,,,,,,,64.85,72.6,,84.4,93.7,,117.5,,,141.5,,157.95,,174.45,,195.35,,216.3,226.7,240.75,,265.75,,294.0,,324.45,,353.85,,390.8,,,,471.5,,518.25,,,591.0,,,673.65,701.3,,,796.0,,866.0,,,,,,,,,,,,,,,,,,,,,,,,,,,,,,,,,,,,,,
2025-01-04,14:15,,,,,,,,,,,,,,,,,,,,755.7,,678.0,,619.2,,558.0,,507.95,476.45,454.4,429.65,404.3,,356.45,328.15,311.0,290.0,271.75,,242.4,,206.45,,178.0,,155.0,,129.95,,113.3,103.25,95.05,,80.45,,71.25,,59.5,,,,,,,,,,,,,,,,,,,,,,64.25,72.0,,,93.4,103.55,116.55,128.95,,140.95,151.6,156.05,,174.05,,193.9,,216.6,228.85,237.75,253.7,263.45,283.05,,,322.0,,355.7,375.85,388.5,,433.55,,468.45,,513.6,,560.35,,,,675.0,,734.65,,791.25,,,,928.0,,,,,,,,,,,,,,,,,,,,,,,,,,,,,,,,,,,,
2025-01-04,14:20,,,,1340.0,,,,1194.7,,1110.0,,,,,,887.2,,,,744.45,,682.35,651.5,618.0,,554.5,,496.05,475.75,446.1,424.65,397.45,375.7,351.35,326.45,307.45,290.0,270.0,253.4,236.7,,205.0,190.65,174.95,162.5,152.0,138.35,128.95,120.0,110.1,102.05,94.0,87.45,80.0,76.15,70.05,63.45,59.0,,,,,,,,,,,,,,,,,,,,,,64.45,71.55,,84.7,93.4,,119.3,128.75,,142.15,,157.0,,173.05,,198.2,,216.5,228.5,243.6,256.1,268.6,,296.8,311.85,328.2,342.25,360.0,376.4,395.05,,434.95,,476.5,,523.6,,570.95,595.0,619.9,,679.5,,733.45,,803.95,,,,,,,,1083.0,,,,,,,,,,,,,,,,,,,,,,,,,,,,,,,,
2025-01-04,14:25,,,1522.7,,,,,1193.6,,,,,,,,892.3,,,,750.95,,686.6,652.05,616.05,,558.6,,498.8,,450.0,423.8,397.0,,349.1,,307.1,,269.4,252.3,237.4,,202.75,189.0,174.6,,150.5,,128.5,,109.75,,93.8,,79.25,73.6,69.4,,57.15,,,,,,,,,,,,,,,,,,,,,,64.0,71.85,,84.85,93.7,,116.5,127.1,,140.05,,156.95,,175.0,,195.25,,216.65,,241.75,252.9,264.45,283.05,292.4,307.9,324.0,338.8,355.0,374.15,390.5,,429.5,,471.45,489.0,516.45,536.85,561.8,,618.0,,,,,,794.8,,,,,,,,,,,,,,,,,,,,,,,,,,,,,,,,,,,,,,,,
2025-01-04,14:30,,,1532.75,,,,,1194.85,,1123.15,,,1009.65,970.0,,894.95,,828.95,784.9,754.0,721.4,685.55,661.5,622.95,,562.0,,507.15,475.75,449.3,427.2,399.4,373.75,353.25,,308.75,294.05,270.4,252.8,237.1,223.75,203.95,,175.5,164.35,152.8,138.35,130.0,120.0,110.1,102.0,94.85,86.7,80.25,,69.05,,56.95,,,,,,,,,,,,,,,,,,,,,,63.0,72.3,76.25,,93.3,101.55,117.15,124.6,,140.55,,155.0,,173.25,,194.35,,215.0,224.9,235.0,248.3,263.6,274.7,287.5,307.1,321.65,,352.95,,389.8,,423.4,,465.3,,513.6,,559.2,,611.6,,660.0,,,753.9,793.6,822.3,,,,,989.0,,,,1158.0,,,,,1410.4,,,,,,,,,,,,,,,,,,,,,,,,,
2025-01-04,14:35,,,,1335.0,,,,1194.25,1150.85,1115.0,,,999.35,960.0,,893.15,,,,747.0,,681.0,,619.6,,556.9,532.15,501.85,475.6,449.8,,,,348.45,328.3,308.0,285.0,268.0,248.75,237.45,216.7,202.05,,175.65,161.85,153.6,,130.4,120.75,111.25,,95.25,,80.75,,70.45,63.0,58.75,,,,,,,,,,,,,,,,,,,,,,,70.5,76.1,85.2,93.75,,115.0,124.6,,139.4,,154.55,,170.9,,192.5,,213.6,225.6,240.3,,264.0,,292.4,308.05,321.45,336.8,355.35,,387.95,415.0,,446.95,465.3,,513.15,,557.15,595.0,616.0,,665.85,,,,794.0,,,,928.0,,998.1,,,,,,,,,1418.7,,,,,,,,,,,,,,,,,,,,,,,,,
2025-01-04,14:40,,,1535.0,,,,,1202.85,,1116.95,,,1000.5,,,899.65,,,,754.65,,,,618.0,,559.15,531.05,503.65,,451.45,,396.35,,352.9,,304.8,285.0,269.45,,238.65,,204.0,,176.95,161.75,154.65,,130.55,,110.6,,94.15,,80.2,,69.0,,,,,,,,,,,,,,,,,,,,,,,,62.8,69.95,75.0,,91.05,101.45,114.75,125.0,,138.0,147.05,153.95,,169.5,,192.0,,212.0,224.7,235.0,,260.2,,288.45,,317.85,335.75,349.0,,385.45,,424.4,,462.6,,509.3,,553.75,584.65,605.75,,659.95,694.6,,,783.15,,,,915.4,,,,,,,,,,,,,,,,,,,,,,,,,,,,,,,,,,,,
2025-01-04,14:45,,,1535.0,,,,,1202.85,,,,,,,,892.0,,,,755.05,,673.45,,,,561.05,,503.5,,453.45,,400.65,,353.1,,310.0,,271.85,,238.8,,203.45,,177.0,164.7,154.8,140.85,130.4,121.35,111.0,102.0,94.65,,80.75,,69.6,,,,,,,,,,,,,,,,,,,,,,,,63.55,70.75,,84.0,92.8,,116.1,124.2,,139.05,,154.0,,171.95,,192.65,205.15,214.0,225.1,235.75,,261.1,,287.15,301.7,317.3,332.65,349.45,,385.6,,422.4,,463.0,,505.65,,555.55,,,,661.0,,,,782.9,,,,,,998.1,,,,,,,1317.2,,,,,,,,,,,,,,,,,,,,,,,,,,,
2025-01-04,14:50,,,1535.0,,,,,1200.0,,,,,,,,895.95,,822.9,,753.9,,673.45,650.0,620.25,,560.0,,,475.25,449.7,424.05,398.3,,352.75,,308.6,288.55,270.55,,237.5,,202.6,,175.1,163.55,153.6,,130.05,120.1,110.75,103.25,94.9,,,,69.95,63.0,59.8,,,,,,,,,,,,,,,,,,,,,,63.8,70.7,76.05,,92.35,102.0,115.95,124.8,,139.65,,155.0,,170.6,,192.45,,212.5,223.9,234.8,,261.1,,289.65,,319.05,,349.5,,384.75,,416.5,,463.4,,506.95,,554.7,,608.0,,,,,,786.0,,,,,,,,,,1150.3,,,,,,,,,,,,,,,,,,,,,,,,,,,,,,
2025-01-04,14:55,,,,,,,,1190.0,,1116.35,,,,,,896.4,,817.8,,749.0,,681.7,651.4,616.0,,557.5,,500.0,475.25,448.75,,399.0,,349.75,324.9,306.95,287.05,268.65,248.75,236.15,216.7,201.4,188.35,174.8,162.95,152.9,139.2,129.15,120.1,110.8,102.75,94.5,,80.5,,71.1,65.1,,,,,,,,,,,,,,,,,,,,,,,63.15,71.65,75.6,84.7,92.8,103.35,117.45,126.3,,140.5,148.45,156.15,,172.05,,194.05,,214.0,226.4,236.55,250.05,263.5,276.6,289.85,305.4,322.0,336.7,350.9,370.35,387.05,406.05,425.2,,465.15,489.0,512.6,,559.05,586.4,610.8,,666.5,695.95,724.8,,790.15,,,,,,1006.7,,,,1157.25,,1232.15,,,,,,,,,,,,,,,,,,,,,,,,,,,,
2025-01-04,15:00,,,1532.75,,1330.0,,1245.75,1189.9,,,,,,,,,,817.8,,755.35,,690.0,660.0,624.0,,564.0,,508.45,,452.0,,398.35,,352.95,,311.0,,271.5,,237.85,220.0,202.6,,176.0,164.6,153.95,142.55,129.4,119.95,111.35,104.3,95.35,,80.15,73.6,72.05,,,,,,,,,,,,,,,,,,,,,,,,63.2,69.5,75.0,83.0,90.3,100.3,114.15,123.0,,137.5,,153.0,,168.0,,189.3,,208.9,221.1,232.35,,258.65,,285.45,298.85,315.5,329.55,348.75,361.1,380.8,,417.05,446.95,460.5,482.25,507.8,,548.55,576.15,600.0,,657.0,685.05,713.65,,780.0,,848.2,880.8,911.2,,997.5,,,,1144.0,,,,,,,,,,,,,,,,,,,,,,,,,,,,,,
2025-01-04,15:05,,,1537.0,,,,,,,1129.95,1086.6,,,960.0,,,,827.2,,758.7,,690.1,,626.0,,563.5,,507.0,,453.0,432.05,402.3,,353.55,,317.0,295.4,277.45,256.55,240.35,,205.35,,178.7,,156.4,,131.75,,112.15,104.95,96.5,,81.6,,71.2,,,,,,,,,,,,,,,,,,,,,,,,62.35,69.8,74.8,,90.15,101.0,113.8,123.0,,136.25,,151.1,,167.4,,189.0,,208.15,217.55,231.55,,255.6,,282.2,,313.7,,344.5,360.0,378.4,397.2,411.0,,454.9,,502.0,514.0,547.85,,599.0,,,,,,779.95,,,,,,977.45,,,,1138.0,,,,,,,,,,,,,,,,,,,,,,,,,,,,,,
2025-01-04,15:10,,,,,,,,,,1135.0,,,,,,902.55,,,,763.0,,,,630.45,,569.25,,508.5,,456.95,430.9,404.55,,358.05,,315.5,300.85,276.8,257.7,243.2,,207.8,,180.2,167.3,157.65,143.6,133.5,121.7,113.95,106.1,96.5,,83.0,,72.0,,,,,,,,,,,,,,,,,,,,,,,,61.5,68.75,73.8,82.6,89.45,100.5,112.2,122.9,,134.85,144.25,150.6,,167.7,,186.0,,204.8,216.2,230.05,,251.95,,279.9,,309.05,,340.35,,372.95,,413.8,,456.5,,498.2,,550.1,574.2,593.2,625.0,646.2,680.75,,,776.75,,,,906.5,,980.9,,,,1138.0,,,,,,,,,,,,,,,,,,,,,,,,,,,,,,
2025-01-04,15:15,,,,,,,,,,1132.0,,,,,,898.4,,827.3,,755.3,,692.45,,627.2,,564.3,538.55,504.95,481.0,456.5,430.3,403.05,,359.15,,315.3,292.0,275.0,255.05,243.1,,207.55,,179.55,166.9,157.8,144.2,132.05,122.95,114.05,106.1,96.0,,81.95,77.75,71.05,,59.85,,,,,,,,,,,,,,,,,,,,,,62.6,69.7,74.6,82.4,90.8,101.4,114.35,124.95,,136.15,145.1,152.5,,167.95,,190.0,,208.6,220.0,231.2,245.1,256.55,271.6,282.9,299.35,313.35,329.95,344.7,362.75,380.15,400.25,417.2,438.35,457.1,481.2,501.1,527.15,550.0,577.9,598.75,626.1,657.85,685.9,715.0,,779.95,,,,908.65,,989.75,,,,1144.0,,,,,,,,,,,,,,,,,,,,,,,,,,,,,,
2025-01-04,15:20,,,,,,,,1189.9,,1124.05,,,999.05,961.15,,900.85,,826.6,,756.45,,690.0,,624.6,,562.25,,504.7,,453.45,427.35,402.05,376.8,354.45,332.0,312.35,292.35,272.95,254.6,239.85,220.85,205.25,188.35,177.15,163.05,154.4,,130.5,,112.0,,95.6,,80.55,,70.3,,59.0,,,,,,,,,,,,,,,,,,,,,,62.1,68.75,74.15,81.55,91.15,100.05,112.9,123.35,,136.0,,150.15,,167.15,,188.8,205.45,210.2,219.6,231.7,,255.7,,282.25,297.35,313.35,327.7,343.25,367.7,377.7,396.85,415.25,,463.45,480.85,500.2,,547.95,583.85,608.55,,656.25,693.75,721.95,,775.25,,844.5,,,,,,,,1145.95,,,,,,,,,,,,,,,,,,,,,,,,,,,,,,
2025-01-04,15:25,,,1522.4,,,,,,,1120.5,,,,,,899.5,,820.75,,750.0,728.4,689.65,644.45,622.4,,559.55,,502.15,479.8,449.65,423.7,398.0,377.85,352.05,334.05,308.85,291.85,270.65,,238.75,221.9,205.05,190.6,175.1,164.25,154.35,140.95,129.2,,110.9,103.75,94.95,,79.8,73.55,70.0,63.0,58.6,,,,,,,,,,,,,,,,,,,,,,62.55,69.5,74.75,82.6,91.35,101.95,114.8,123.65,121.3,137.75,145.8,153.25,,169.25,187.25,192.15,201.8,212.45,224.15,235.35,244.6,261.15,,287.8,,320.1,,350.45,368.45,385.65,,421.75,,463.9,490.25,510.3,532.85,556.7,582.0,603.3,,663.8,,,,790.3,,850.7,,917.55,,,,,,1144.1,,,,,,,,,,,,,,,,,,,,,,,,,,,,,,
2025-01-04,15:30,,,,,,,,,,,,,,,,,,,,,,,,,,,,,,,,,,,,,,,,239.4,,,,,,,,,,,101.0,,,,,,,,,,,,,,,,,,,,,,,,,,,,,,,,,,,115.1,,,,,,,,,194.0,,,,,,,,,,,,,,,,,,,,,,,,,,,,,,,,,,,,,,,,,,,,,,,,,,,,,,,,,,,,,,,,,,,,,,
2025-01-07,09:15,,,,,,,,,,,,,,,,,,,,,,,,,,,,,,,,,,,,,,,,,,,,,,,,,,,,,,1196.7,,1115.4,,,1020.4,979.95,927.05,903.85,,,,705.7,,646.5,613.7,586.85,556.3,528.95,501.25,490.0,450.4,426.0,402.8,381.2,358.7,,,,,,,,,,,,,,,,,,,,,,,,,,,,,,,,,,,,,,,,,,,,,,,,,,97.55,,,,122.0,,138.1,,,172.45,181.45,188.05,201.2,207.3,225.35,239.85,,264.95,280.25,304.4,,,,360.45,,388.25,417.05,428.4,,486.95,509.45,531.0,559.0,576.0,,631.25,
2025-01-07,09:20,,,,,,,,,,,,,,,,,,,,,,,,,,,,,,,,,,,,,,,,,,,,,,,,,,1372.0,,,,,,,,1065.0,,987.1,,,,785.0,,724.9,,647.0,631.5,596.0,570.2,547.85,515.4,490.0,464.35,443.0,,387.65,374.85,,,,,,,,,,,,,,,,,,,,,,,,,,,,,,,,,,,,,,,,,,,,,,,,,,91.3,,,,118.8,,133.2,,,162.1,176.75,183.65,,208.7,220.6,235.0,,261.2,,290.0,297.0,313.0,,360.0,,392.1,414.15,426.05,,474.0,489.0,,536.9,560.95,,628.0,
2025-01-07,09:25,,,,,,,,,,,,,,,,,,,,,,,,,,,,,,,,,,,,,,,,,,,,,,,,,,,,,,,,1150.0,,,,989.45,,932.0,,791.95,,723.55,,656.65,636.2,607.3,,545.0,523.25,494.95,,446.0,,395.85,,,,,,,,,,,,,,,,,,,,,,,,,,,,,,,,,,,,,,,,,,,,,,,,,,,91.05,,104.3,,113.65,,134.65,,145.0,162.05,,180.75,190.4,199.75,212.2,228.05,,254.9,262.6,278.95,292.1,310.0,324.85,343.55,360.65,385.05,396.75,425.2,,464.0,,507.7,,556.0,,615.0,
2025-01-07,09:30,,,,,,,,,,,,,,,,,,,,,,,,,,,,,,,,,,,,,,,,,,,,,,,,,,,,,,,,1155.0,,,,1007.05,972.35,,860.0,801.7,,729.55,,670.0,645.0,612.5,,553.0,,500.0,469.0,447.0,,399.8,377.6,,,,,,,,,,,,,,,,,,,,,,,,,,,,,,,,,,,,,,,,,,,,,,,,,,90.0,,101.5,,112.0,,129.5,,140.0,158.0,,175.0,187.2,197.4,208.65,222.0,230.25,246.6,256.25,273.0,284.95,302.0,321.35,340.0,351.8,375.3,396.0,415.85,,457.05,,502.05,,550.0,,600.35,
2025-01-07,09:35,,,,,,,,,,,,,,,,,,,,,,,,,,,,,,,,,,,,,,,,,,,,,,,,,,,,,,,,1169.6,,,,1004.35,,,869.0,791.95,,731.85,,664.0,638.65,610.4,577.35,549.65,,497.0,,450.0,,397.95,,,,,,,,,,,,,,,,,,,,,,,,,,,,,,,,,,,,,,,,,,,,,,,,,,,91.2,,101.0,,113.95,,131.5,,142.0,159.05,170.25,178.95,190.35,198.85,208.95,224.55,,250.0,,278.05,,307.85,,343.4,,380.25,,419.85,,457.05,,501.75,,,,609.5,
2025-01-07,09:40,,,,,,,,,,,,,,,,,,,,,,,,,,,,,,,,,,,,,,,,,,,,,,,,,,,,,,,,,,,,1010.0,,939.8,,800.0,,,,677.0,645.85,617.95,,556.75,,502.8,,,,402.5,,,,,,,,,,,,,,,,,,,,,,,,,,,,,,,,,,,,,,,,,,,,,,,,,,,88.25,,100.7,,,,128.1,,139.05,156.0,166.15,174.0,186.15,196.4,207.7,220.05,,243.6,,,285.2,304.0,317.25,335.05,351.75,372.1,,412.0,,455.95,,500.0,,547.75,,598.05,
2025-01-07,09:45,,,,,,,,,,,,,,,,,,,,,,,,,,,,,,,,,,,,,,,,,,,,,,,,,,1420.0,,,,,,,,,,1006.0,973.25,,872.05,,,743.35,,670.0,640.85,613.25,588.75,554.5,524.0,498.0,476.2,448.0,426.15,400.5,380.35,,,,,,,,,,,,,,,,,,,,,,,,,,,,,,,,,,,,,,,,,,,,,,,,,,89.95,,101.05,,113.0,,129.15,,140.05,157.45,164.8,175.75,184.45,194.3,205.7,220.8,228.85,251.0,255.3,277.25,284.3,298.65,315.9,335.05,350.45,376.0,395.35,418.0,428.2,459.05,,502.55,,551.95,,605.25,
2025-01-07,09:50,,,,,,,,,,,,,,,,,,,,,,,,,,,,,,,,,,,,,,,,,,,,,,,,,,,,,,,,,,,,1011.55,,,,,,737.3,,675.0,643.55,610.05,580.0,555.35,528.65,505.0,471.2,455.0,427.25,403.9,,,,,,,,,,,,,,,,,,,,,,,,,,,,,,,,,,,,,,,,,,,,,,,,,,,89.0,,100.0,,110.85,,126.7,,141.85,154.0,164.65,173.6,184.75,192.6,205.85,217.15,231.25,246.65,255.75,273.0,,300.05,314.65,,,368.0,392.65,409.35,,,,496.5,,543.1,562.0,592.0,
2025-01-07,09:55,,,,,,,,,,,,,,,,,,,,,,,,,,,,,,,,,,,,,,,,,,,,,,,,,,1411.15,,,,,,,,,,996.0,,,,,,726.4,,667.5,637.4,615.95,573.25,550.0,,494.5,,,,398.0,,,,,,,,,,,,,,,,,,,,,,,,,,,,,,,,,,,,,,,,,,,,,,,,,,,90.95,,100.65,,113.0,,129.25,,141.8,157.6,168.35,177.85,188.75,197.0,211.4,222.6,,245.55,,277.6,,302.25,,342.1,361.05,376.1,390.5,420.0,,,,502.45,,,,602.65,
2025-01-07,10:00,,,,,,,,,,,,,,,,,,,,,,,,,,,,,,,,,,,,,,,,,,,,,,,,,,,,,,,,,,,,1010.0,,,,,,,,672.0,643.55,604.0,,553.6,,499.3,,450.45,,403.85,,,,,,,,,,,,,,,,,,,,,,,,,,,,,,,,,,,,,,,,,,,,,,,,,,,89.9,,101.0,,112.0,,128.5,,141.8,156.3,166.0,179.6,,,207.0,220.55,,249.0,,280.0,,301.75,,335.9,,369.7,402.55,418.95,434.55,456.45,477.2,500.05,,556.0,,594.5,
2025-01-07,10:05,,,,,,,,,,,,,,,,,,,,,,,,,,,,,,,,,,,,,,,,,,,,,,,,,,1391.0,,,,,,,,,,995.0,,,859.5,,,725.25,,660.75,,610.0,,549.3,516.8,489.0,,441.95,414.6,393.4,,,,,,,,,,,,,,,,,,,,,,,,,,,,,,,,,,,,,,,,,,,,,,,,,,,,,102.25,,,,130.0,,,,169.5,177.35,189.55,,,224.5,,248.05,,278.95,,,,,,380.15,,419.15,,,,,,,,606.0,
2025-01-07,10:10,,,,,,,,,,,,,,,,,,,,,,,,,,,,,,,,,,,,,,,,,,,,,,,,,,1380.05,,,,,,1128.0,,,,990.0,,,844.75,,,714.5,,657.2,621.45,598.7,,538.5,515.9,487.95,,,,390.0,376.15,,,,,,,,,,,,,,,,,,,,,,,,,,,,,,,,,,,,,,,,,,,,,,,,,,90.2,,,,115.35,,131.0,,143.95,161.0,,179.1,,,,225.0,,252.1,,281.0,,,,,,381.2,404.45,420.1,,,488.65,508.0,,,,608.35,
2025-01-07,10:15,,,,,,,,,,,,,,,,,,,,,,,,,,,,,,,,,,,,,,,,,,,,,,,,,,,,,,,,1135.5,,,1023.0,981.0,,,,,,712.95,,650.05,621.9,595.0,,537.3,,482.5,,,,385.45,366.95,,,,,,,,,,,,,,,,,,,,,,,,,,,,,,,,,,,,,,,,,,,,,,,,,,91.85,,101.95,,115.85,,132.6,,144.4,160.0,,180.35,,,,228.4,,253.5,,280.4,,311.05,330.0,,,384.85,405.0,426.0,445.4,468.95,,513.3,,,,615.3,
2025-01-07,10:20,,,,,,,,,,,,,,,,,,,,,,,,,,,,,,,,,,,,,,,,,,,,,,,,,,1373.0,,,,,,1131.15,,,,977.0,,,,774.0,,710.0,,648.0,,591.85,563.8,533.6,,483.65,,,,385.55,365.05,,,,,,,,,,,,,,,,,,,,,,,,,,,,,,,,,,,,,,,,,,,,,,,,,,92.3,,102.25,,114.9,,132.0,,,161.05,,180.25,,,,228.05,,251.9,,281.0,,,,350.0,,385.75,,428.0,448.45,472.55,,518.3,,,,615.0,
2025-01-07,10:25,,,,,,,,,,,,,,,,,,,,,,,,,,,,,,,,,,,,,,,,,,,,,,,,,,1393.85,,,,,,,,,,978.1,,,851.0,,,713.3,,649.9,,595.95,,542.0,,490.0,,437.0,,388.15,,,,,,,,,,,,,,,,,,,,,,,,,,,,,,,,,,,,,,,,,,,,,,,,,,,92.35,,,,114.55,,131.35,,,160.1,,181.05,,,,228.6,,250.05,,275.0,,312.05,,,,384.6,407.1,428.6,440.3,466.05,,516.2,,552.7,,614.95,
2025-01-07,10:30,,,,,,,,,,,,,,,,,,,,,,,,,,,,,,,,,,,,,,,,,,,,,,,,,,1391.85,,,,,,,,,,993.55,,,852.0,,,,,655.0,628.95,,,544.05,,,,,,391.2,,,,,,,,,,,,,,,,,,,,,,,,,,,,,,,,,,,,,,,,,,,,,,,,,,,90.4,,100.15,,113.0,,127.95,,140.55,,,177.25,,196.9,,222.45,,246.75,,275.05,,306.1,,341.5,,376.35,394.15,418.45,,,,505.0,,,,606.45,
2025-01-07,10:35,,,,,,,,,,,,,,,,,,,,,,,,,,,,,,,,,,,,,,,,,,,,,,,,,,,,,,,,1135.5,,,,,,,852.0,,,,,658.4,625.4,600.05,,542.0,512.7,,460.65,,,390.3,,,,,,,,,,,,,,,,,,,,,,,,,,,,,,,,,,,,,,,,,,,,,,,,,,,90.5,,100.15,,,,129.5,,,159.0,,176.85,,,,222.5,,248.6,,275.35,,305.25,,341.5,,377.3,399.4,420.4,,462.55,484.9,,,,,606.9,
2025-01-07,10:40,,,,,,,,,,,,,,,,,,,,,,,,,,,,,,,,,,,,,,,,,,,,,,,,,,,,,,,,,,,,995.0,,,,,,,,662.0,,604.0,,,,,,,,393.1,,,,,,,,,,,,,,,,,,,,,,,,,,,,,,,,,,,,,,,,,,,,,,,,,,,89.75,,99.45,,113.6,,128.9,,140.5,157.5,,,,197.65,,221.95,,246.0,,,,306.0,,338.5,,375.4,,418.95,,,,,,,,604.75,
2025-01-07,10:45,,,,,,,,,,,,,,,,,,,,,,,,,,,,,,,,,,,,,,,,,,,,,,,,,,1380.0,,1320.75,,,,,,,,989.6,,,,,,,,654.1,,598.0,,543.5,,,463.4,,411.6,390.05,,,,,,,,,,,,,,,,,,,,,,,,,,,,,,,,,,,,,,,,,,,,,,,,,,,90.7,,101.85,,114.1,,129.85,131.8,142.5,159.05,,176.9,,,,223.6,,247.25,264.0,,297.95,,,341.25,,380.4,,421.0,,,,,,,,608.0,
2025-01-07,10:50,,,,,,,,,,,,,,,,,,,,,,,,,,,,,,,,,,,,,,,,,,,,,,,,,,1372.7,,,,,,,,,,977.05,,,844.75,,743.85,712.05,,650.15,,589.7,,533.7,,482.0,,,,388.0,,,,,,,,,,,,,,,,,,,,,,,,,,,,,,,,,,,,,,,,,,,,,,,,,,,91.55,,103.65,,114.55,,130.8,,142.95,159.2,,178.75,,200.0,213.75,224.5,,250.75,,282.95,,311.0,,346.95,,380.3,402.15,425.0,,,493.0,513.3,,,,609.1,
2025-01-07,10:55,,,,,,,,,,,,,,,,,,,,,,,,,,,,,,,,,,,,,,,,,,,,,,,,,,,,1272.95,,,,,,,,982.15,,,,770.0,,,,647.0,616.65,589.95,558.75,,,,,,,385.0,,,,,,,,,,,,,,,,,,,,,,,,,,,,,,,,,,,,,,,,,,,,,,,,,,,92.2,,103.35,,116.1,,133.55,,144.6,162.05,,182.0,,,,230.0,,254.0,,281.9,,,,350.0,,385.45,407.25,426.0,449.55,,490.0,517.05,,562.0,,615.3,
2025-01-07,11:00,,,,,,,,,,,,,,,,,,,,,,,,,,,,,,,,,,,,,,,,,,,,,,,,,,,,,,,,,,1035.3,,974.0,,,,,,705.75,,642.3,,585.05,,529.95,,474.0,,425.0,,382.0,,,,,,,,,,,,,,,,,,,,,,,,,,,,,,,,,,,,,,,,,,,,,,,,,,,92.55,,103.85,,116.65,,133.15,,145.0,162.15,,181.6,,202.8,,229.45,,254.5,,282.9,,,,,,385.7,409.75,429.6,,473.05,,518.0,,,,620.15,
2025-01-07,11:05,,,,,,,,,,,,,,,,,,,,,,,,,,,,,,,,,,,,,,,,,,,,,,,,,,,,,,,,,,,,973.0,,,,,,,,644.0,,,558.75,529.6,,,,,403.8,381.45,,,,,,,,,,,,,,,,,,,,,,,,,,,,,,,,,,,,,,,,,,,,,,,,,,,91.5,,103.0,,115.0,,133.05,,144.0,161.6,,181.0,,201.45,,229.0,,252.2,,,,314.0,,348.95,,386.0,,428.0,,470.5,,517.0,,,,620.05,
2025-01-07,11:10,,,,,,,,,,,,,,,,,,,,,,,,,,,,,,,,,,,,,,,,,,,,,,,,,,,,,,,,,,,,975.4,,,,,,,,644.3,,,554.95,,,,,,,380.45,,,,,,,,,,,,,,,,,,,,,,,,,,,,,,,,,,,,,,,,,,,,,,,,,,,91.25,,102.95,,115.4,,132.55,,145.15,161.0,,179.7,,201.55,,228.05,,,,281.05,,314.7,,348.55,,384.15,,427.25,,,,518.95,,,,618.75,
2025-01-07,11:15,,,,,,,,,,,,,,,,,,,,,,,,,,,,,,,,,,,,,,,,,,,,,,,,,,,,,,,,,,1055.9,1023.0,973.35,934.7,900.0,,,,,,643.95,615.25,583.3,,536.05,,482.0,455.45,432.0,407.15,382.35,362.55,,,,,,,,,,,,,,,,,,,,,,,,,,,,,,,,,,,,,,,,,,,,,,,,,,92.4,,103.75,,113.75,,132.15,,143.05,162.25,,179.6,,,,229.25,,252.8,,284.0,,314.65,328.85,345.25,364.2,388.5,401.4,,,,,,,,,620.75,
2025-01-07,11:20,,,,,,,,,,,,,,,,,,,,,,,,,,,,,,,,,,,,,,,,,,,,,,,,,,1364.0,,,,,,,,,,979.45,,,833.95,770.0,,705.75,,644.25,,589.0,,,,480.65,,428.0,,383.8,,,,,,,,,,,,,,,,,,,,,,,,,,,,,,,,,,,,,,,,,,,,,,,,,,,,,,,114.5,,130.8,,144.1,161.0,,180.7,,202.8,,226.9,,,,281.95,,311.75,,347.15,360.65,383.0,,425.15,445.65,,,518.95,,,,619.05,
2025-01-07,11:25,,,,,,,,,,,,,,,,,,,,,,,,,,,,,,,,,,,,,,,,,,,,,,,,,,1368.3,,,,,,,,,,971.5,,,832.65,,741.85,,,639.0,613.0,584.75,,530.85,,,,,,380.0,,,,,,,,,,,,,,,,,,,,,,,,,,,,,,,,,,,,,,,,,,,,,,,,,,,91.0,,103.8,,,,131.8,,145.1,161.3,,,,,,229.0,,,,,,,,349.0,,386.45,,428.85,450.4,474.75,,,,,,623.7,
2025-01-07,11:30,,,,,,,,,,,,,,,,,,,,,,,,,,,,,,,,,,,,,,,,,,,,,,,,,,,,,,,,,,,,975.0,,900.0,,763.55,,700.5,,643.75,,586.1,,530.0,,478.0,,,,381.0,,,,,,,,,,,,,,,,,,,,,,,,,,,,,,,,,,,,,,,,,,,,,,,,,,,,,103.5,,116.1,,131.15,,146.05,162.3,,182.15,,202.0,,227.95,,,,,,314.3,,348.4,,385.65,,430.45,,472.0,,,,,,623.0,
2025-01-07,11:35,,,,,,,,,,,,,,,,,,,,,,,,,,,,,,,,,,,,,,,,,,,,,,,,,,,,,,,,,,,,970.35,,,,764.0,,,,640.25,,,,525.25,,475.35,,426.9,,380.3,,,,,,,,,,,,,,,,,,,,,,,,,,,,,,,,,,,,,,,,,,,,,,,,,,,,,,,,,133.5,,144.4,162.0,,183.0,,204.0,,230.4,,,,285.0,297.8,315.9,,,,388.0,,430.3,,476.95,,519.5,,,,627.8,
2025-01-07,11:40,,,,,,,,,,,,,,,,,,,,,,,,,,,,,,,,,,,,,,,,,,,,,,,,,,1362.0,,1287.95,,,,,,,,968.5,,,,,,,,640.45,,585.0,,529.65,,474.0,,426.9,,380.8,,,,,,,,,,,,,,,,,,,,,,,,,,,,,,,,,,,,,,,,,,,,,,,,,,,91.0,,101.95,,114.45,,132.65,,143.85,161.65,,,,203.0,,229.75,,,,,,314.0,,349.0,,385.6,406.0,428.7,,,,521.25,,,,622.95,
2025-01-07,11:45,,,,,,,,,,,,,,,,,,,,,,,,,,,,,,,,,,,,,,,,,,,,,,,,,,,,,,,,,,1044.0,,971.95,,898.0,,764.55,722.9,700.15,,637.55,,585.15,,528.0,,472.3,,,,379.95,,,,,,,,,,,,,,,,,,,,,,,,,,,,,,,,,,,,,,,,,,,,,,,,,,,,,,,,,132.15,,144.8,,,181.4,,202.4,,228.8,,,,282.0,,313.5,,,,385.8,,427.8,,,,520.0,,,,623.05,
2025-01-07,11:50,,,,,,,,,,,,,,,,,,,,,,,,,,,,,,,,,,,,,,,,,,,,,,,,,,,,,,1199.0,,1127.65,,,,971.0,,,825.25,765.55,,,,641.0,,586.1,,529.0,495.9,469.1,445.55,423.75,,380.6,360.0,,,,,,,,,,,,,,,,,,,,,,,,,,,,,,,,,,,,,,,,,,,,,,,,,,90.6,,102.5,,,,131.45,,143.85,160.9,,181.7,,202.6,214.9,228.85,,,,281.55,,316.95,,,,385.95,,426.25,,471.8,,521.25,,,,620.25,
2025-01-07,11:55,,,,,,,,,,,,,,,,,,,,,,,,,,,,,,,,,,,,,,,,,,,,,,,,,,1348.0,,,,,,,,,,960.0,922.05,,,,,,,630.0,598.55,570.7,543.0,520.0,489.85,466.5,439.1,414.7,,374.3,,,,,,,,,,,,,,,,,,,,,,,,,,,,,,,,,,,,,,,,,,,,,,,,,,90.0,92.95,,104.95,,117.0,,133.35,,146.0,163.45,,182.05,,205.1,,230.0,,259.8,,286.55,,320.45,,356.9,,389.65,,432.85,,478.1,500.25,524.0,,,,625.45,
2025-01-07,12:00,,,,,,,,,,,,,,,,,,,,,,,,,,,,,,,,,,,,,,,,,,,,,,,,,,,,,,,,1106.7,,,,966.05,,,827.0,759.95,,699.0,,635.0,,578.95,,,,469.0,,,,375.15,,,,,,,,,,,,,,,,,,,,,,,,,,,,,,,,,,,,,,,,,,,,,,,,,,86.65,93.2,,103.25,,116.1,,132.5,,146.95,162.0,172.8,182.5,193.5,204.0,,230.5,,253.3,,284.85,,315.0,,,,390.95,,433.05,,,,521.95,,,,625.0,
2025-01-07,12:05,,,,,,,,,,,,,,,,,,,,,,,,,,,,,,,,,,,,,,,,,,,,,,,,,,1353.25,,,,,,,,,,967.4,,898.45,,760.0,729.05,,,637.0,,580.0,,524.0,,469.4,,,,376.55,,,,,,,,,,,,,,,,,,,,,,,,,,,,,,,,,,,,,,,,,,,,,,,,,,,,,102.0,,,,131.85,,144.25,161.75,,181.6,,,,228.9,,258.75,,,,,,353.65,,387.6,411.0,428.2,,,,522.15,,,,624.8,
2025-01-07,12:10,,,,,,,,,,,,,,,,,,,,,,,,,,,,,,,,,,,,,,,,,,,,,,,,,,,,,,,,,,,,969.0,,897.9,825.0,758.0,,,,635.6,,,,525.0,,469.7,,,400.55,376.9,,,,,,,,,,,,,,,,,,,,,,,,,,,,,,,,,,,,,,,,,,,,,,,,,,,,,,,116.0,,132.25,,,162.1,,180.3,,,214.95,229.45,,,,,,,,,,388.2,,,,,,521.9,,,,625.05,
2025-01-07,12:15,,,,,,,,,,,,,,,,,,,,,,,,,,,,,,,,,,,,,,,,,,,,,,,,,,,,,,,,,,,,970.9,,,835.65,766.7,731.65,,,639.5,,583.4,,530.0,,472.1,,425.0,,378.9,,,,,,,,,,,,,,,,,,,,,,,,,,,,,,,,,,,,,,,,,,,,,,,,,,85.6,89.65,,100.7,,,,131.05,,144.15,159.9,170.3,179.6,,,,227.3,,,,281.8,,314.8,,348.4,364.45,387.4,,426.75,442.15,466.65,,518.75,,,590.1,620.15,
2025-01-07,12:20,,,,,,,,,,,,,,,,,,,,,,,,,,,,,,,,,,,,,,,,,,,,,,,,,,1371.25,,,,,,1125.2,,,,980.0,,914.4,,775.8,739.45,709.0,,648.65,,,,535.0,,477.25,,,,383.6,361.8,,,,,,,,,,,,,,,,,,,,,,,,,,,,,,,,,,,,,,,,,,,,,,,,,,,,99.75,,,,129.0,,,157.8,,176.9,,198.3,,224.45,,,,,,,,343.05,,381.85,400.75,,,,,514.0,,,,614.7,653.0
2025-01-07,12:25,,,,,,,,,,,,,,,,,,,,,,,,,,,,,,,,,,,,,,,,,,,,,,,,,,,,,,,,,,,,984.4,,,843.7,777.0,,,,652.95,623.8,,,537.35,,,,,,387.0,365.25,,,,,,,,,,,,,,,,,,,,,,,,,,,,,,,,,,,,,,,,,,,,,,,,,,88.3,,98.65,,112.75,,128.5,,140.05,,,177.0,,,,223.0,,,,275.55,,308.0,,,,379.25,395.4,,,,,508.95,,,,610.0,
2025-01-07,12:30,,,,,,,,,,,,,,,,,,,,,,,,,,,,,,,,,,,,,,,,,,,,,,,,,,,,,,,,,,,,982.05,,915.2,,777.9,742.9,,,653.05,,,,,511.2,482.05,,,,388.0,,,,,,,,,,,,,,,,,,,,,,,,,,,,,,,,,,,,,,,,,,,,,,,,,,,89.3,,,,,,129.55,,143.5,160.0,,,,,,226.55,,,,280.3,,,,345.95,,380.9,,425.0,,,,513.0,,,,611.0,
2025-01-07,12:35,,,,,,,,,,,,,,,,,,,,,,,,,,,,,,,,,,,,,,,,,,,,,,,,,,,,,,,,,,,,,,,,,,718.55,,652.0,,597.0,,540.0,,485.05,,,,387.95,,,,,,,,,,,,,,,,,,,,,,,,,,,,,,,,,,,,,,,,,,,,,,,,,,,,,99.95,,112.75,,128.6,,,157.0,,,,,,225.35,,,,,,,,344.25,,380.0,,418.7,,,,,,,,610.0,
2025-01-07,12:40,,,,,,,,,,,,,,,,,,,,,,,,,,,,,,,,,,,,,,,,,,,,,,,,,,1377.65,,,,,,,,,,993.0,,,,,,714.3,,655.7,624.95,598.5,,540.0,,484.0,,,,390.0,,,,,,,,,,,,,,,,,,,,,,,,,,,,,,,,,,,,,,,,,,,,,,,,,,,,,,,,,129.0,,,,,,,,,224.05,,,,,,308.0,,,359.0,380.45,,416.75,,,,508.3,,,,610.65,
2025-01-07,12:45,,,,,,,,,,,,,,,,,,,,,,,,,,,,,,,,,,,,,,,,,,,,,,,,,,,,,,,,,,,,985.55,,,,,,712.85,,651.45,,595.0,,,,480.0,,434.7,,386.95,,,,,,,,,,,,,,,,,,,,,,,,,,,,,,,,,,,,,,,,,,,,,,,,,,,,,100.35,,112.75,126.45,130.0,,,158.85,,179.4,,,,224.5,,,,280.0,,309.6,,346.95,,383.5,,422.6,,,,512.0,,,,611.55,
2025-01-07,12:50,,,,,,,,,,,,,,,,,,,,,,,,,,,,,,,,,,,,,,,,,,,,,,,,,,,,,,1210.0,,,,,,986.35,,,,,,713.9,,652.9,,,,,,479.95,,,410.55,388.7,,,,,,,,,,,,,,,,,,,,,,,,,,,,,,,,,,,,,,,,,,,,,,,,,,,89.1,,,,,,128.75,,,157.9,,176.95,,,,223.9,,248.15,,,,308.6,,,,379.5,,422.6,,,,,,,,611.55,
2025-01-07,12:55,,,,,,,,,,,,,,,,,,,,,,,,,,,,,,,,,,,,,,,,,,,,,,,,,,,,,,,,,,,,983.0,,,841.75,,,,,649.0,,,,535.95,,478.05,,,,382.9,,,,,,,,,,,,,,,,,,,,,,,,,,,,,,,,,,,,,,,,,,,,,,,,,,,89.3,,,,112.75,,128.9,,,,,177.05,,,,224.15,,249.5,,279.95,,309.5,,,,382.1,,,,,,513.55,,,,614.55,
2025-01-07,13:00,,,,,,,,,,,,,,,,,,,,,,,,,,,,,,,,,,,,,,,,,,,,,,,,,,,,,,,,,,,,,,,,,,,,651.5,617.85,593.3,,,,479.35,,,,384.95,,,,,,,,,,,,,,,,,,,,,,,,,,,,,,,,,,,,,,,,,,,,,,,,,,,,,100.1,,,,129.5,,,,,179.5,,,,224.85,,,,,,,,,,383.6,,,,,,512.0,,,,614.3,
2025-01-07,13:05,,,,,,,,,,,,,,,,,,,,,,,,,,,,,,,,,,,,,,,,,,,,,,,,,,,,,,,,,,,,981.95,,908.1,,770.4,,710.75,,647.55,613.65,,,,,,,,408.6,382.25,,,,,,,,,,,,,,,,,,,,,,,,,,,,,,,,,,,,,,,,,,,,,,,,,,,,,101.3,,114.65,,130.95,,143.5,161.25,,,,,,226.0,,,,,,312.8,332.85,346.8,,384.9,,,,,,514.0,,,,,
2025-01-07,13:10,,,,,,,,,,,,,,,,,,,,,,,,,,,,,,,,,,,,,,,,,,,,,,,,,,,,,,,,,,,,981.35,,909.45,,772.05,741.5,,,645.5,614.0,588.55,,,,479.35,,428.2,,381.8,,,,,,,,,,,,,,,,,,,,,,,,,,,,,,,,,,,,,,,,,,,,,,,,,,,90.15,,,,,,130.8,,143.8,,170.1,179.8,190.1,200.7,,226.7,,250.2,,,,310.8,,344.9,365.95,385.2,,424.75,,,,513.95,,,,614.7,
2025-01-07,13:15,,,,,,,,,,,,,,,,,,,,,,,,,,,,,,,,,,,,,,,,,,,,,,,,,,1368.0,,1285.0,,,,,,1064.45,,,,,,,,,,646.0,618.2,,,532.65,,480.95,,,,384.45,,,,,,,,,,,,,,,,,,,,,,,,,,,,,,,,,,,,,,,,,,,,,,,,,,,89.75,,,,114.8,,130.05,133.35,,,,178.65,,199.1,,226.7,,,,280.3,,310.4,,344.4,,381.65,,421.05,,468.45,,,,,,613.95,
2025-01-07,13:20,,,,,,,,,,,,,,,,,,,,,,,,,,,,,,,,,,,,,,,,,,,,,,,,,,1365.0,,,,,,,,,,979.75,,,835.65,,,,,643.25,614.45,588.0,,535.0,,,,430.9,,382.55,356.55,,,,,,,,,,,,,,,,,,,,,,,,,,,,,,,,,,,,,,,,,,,,,,,,,,89.45,,,,114.3,,130.9,,,159.7,,180.0,,,,226.55,,252.65,,,,313.55,,,,382.45,406.0,423.55,,469.15,,,,,,619.1,
2025-01-07,13:25,,,,,,,,,,,,,,,,,,,,,,,,,,,,,,,,,,,,,,,,,,,,,,,,,,1365.0,,,,,,,,,,981.9,,,,,,,,645.35,,587.45,,531.5,,475.7,,,,383.3,,,,,,,,,,,,,,,,,,,,,,,,,,,,,,,,,,,,,,,,,,,,,,,,,,,89.65,,101.8,,,,130.0,,,159.05,,178.65,,,,225.55,,250.75,,,,312.05,,,,383.85,,422.25,,469.7,,514.9,,,,615.95,
2025-01-07,13:30,,,,,,,,,,,,,,,,,,,,,,,,,,,,,,,,,,,,,,,,,,,,,,,,,,,,,,,,,,,,985.95,,,840.0,,,708.8,,644.35,,,,,,479.55,,,,384.6,,,,,,,,,,,,,,,,,,,,,,,,,,,,,,,,,,,,,,,,,,,,,,,,,,,90.4,,,,,,130.4,137.85,,,,180.85,,,,227.0,,,,,,,,,363.8,384.15,,,,,,,,,,614.85,
2025-01-07,13:35,,,,,,,,,,,,,,,,,,,,,,,,,,,,,,,,,,,,,,,,,,,,,,,,,,,,,,,,,,,,,,,,,,708.95,,648.95,614.35,588.05,,532.15,507.9,,,,,384.4,,,,,,,,,,,,,,,,,,,,,,,,,,,,,,,,,,,,,,,,,,,,,,,,,,,90.4,,,,,,131.0,,,,,181.1,,,,226.7,,250.4,,281.05,,311.95,332.9,,,383.05,,424.0,,469.7,,,,,,616.8,
2025-01-07,13:40,,,,,,,,,,,,,,,,,,,,,,,,,,,,,,,,,,,,,,,,,,,,,,,,,,1384.55,,,,,,,,,,986.0,,,,,,710.2,,650.0,620.8,,,534.4,503.55,,,,,387.0,,,,,,,,,,,,,,,,,,,,,,,,,,,,,,,,,,,,,,,,,,,,,,,,,,,89.6,,101.0,,,,130.8,,,158.55,,178.3,,198.95,,225.0,,249.45,,,,311.6,325.65,,,380.65,404.75,,,,,,,,,611.0,
2025-01-07,13:45,,,,,,,,,,,,,,,,,,,,,,,,,,,,,,,,,,,,,,,,,,,,,,,,,,1372.0,,,,,,,,,,979.35,,909.95,,,,,,647.0,617.0,,,533.35,,,,,,382.9,,,,,,,,,,,,,,,,,,,,,,,,,,,,,,,,,,,,,,,,,,,,,,,,,,,90.25,,101.7,,,,130.85,,143.65,159.0,,179.25,,,,227.45,,251.7,,,,,,,,383.5,,,,,,,,,,616.2,
2025-01-07,13:50,,,,,,,,,,,,,,,,,,,,,,,,,,,,,,,,,,,,,,,,,,,,,,,,,,,,,,,,,,,,,,907.85,,774.0,752.95,,,647.75,616.75,588.05,,532.0,,,,,,381.3,358.25,,,,,,,,,,,,,,,,,,,,,,,,,,,,,,,,,,,,,,,,,,,,,,,,,,90.0,,101.6,,113.0,,130.1,,,159.6,,179.25,,,,227.45,,251.65,,,,312.3,,,,383.25,,424.0,458.4,468.0,497.0,,,,,615.85,
2025-01-07,13:55,,,,,,,,,,,,,,,,,,,,,,,,,,,,,,,,,,,,,,,,,,,,,,,,,,,,,,,,,,,,974.5,,,833.8,762.75,733.65,,,639.5,,586.0,,526.0,501.35,,,424.05,,380.0,357.25,,,,,,,,,,,,,,,,,,,,,,,,,,,,,,,,,,,,,,,,,,,,,,,,,,90.8,,102.55,,,,131.25,,143.65,160.55,,179.4,,,,227.95,,251.7,,282.2,,313.6,,,,384.1,,426.0,,,491.5,,,,,618.85,
2025-01-07,14:00,,,,,,,,,,,,,,,,,,,,,,,,,,,,,,,,,,,,,,,,,,,,,,,,,,,,,,,,,,,,981.0,,,,,,,,645.0,616.75,,566.0,532.0,,476.5,,428.0,407.4,381.9,,,,,,,,,,,,,,,,,,,,,,,,,,,,,,,,,,,,,,,,,,,,,,,,,,,90.85,,,,,,129.75,,,159.0,,178.0,,,,226.0,,249.1,,278.45,,309.0,,343.65,361.65,380.15,,420.0,,464.15,,510.0,,,,611.2,
2025-01-07,14:05,,,,,,,,,,,,,,,,,,,,,,,,,,,,,,,,,,,,,,,,,,,,,,,,,,1384.3,,,,,,,,,,990.0,,,,,,,,654.25,623.85,595.75,567.25,538.55,,481.1,,,,385.95,,,,,,,,,,,,,,,,,,,,,,,,,,,,,,,,,,,,,,,,,,,,,,,,,,,88.9,,,,,,128.95,,140.2,157.9,,175.7,,,,223.0,,,,275.1,,306.9,,,,377.0,395.35,420.95,435.7,461.7,,506.0,,,,611.05,
2025-01-07,14:10,,,,,,,,,,,,,,,,,,,,,,,,,,,,,,,,,,,,,,,,,,,,,,,,,,,,,,,,1140.0,,,,993.65,,,,,,,,653.05,623.8,599.5,,539.95,,,,,,386.65,,,,,,,,,,,,,,,,,,,,,,,,,,,,,,,,,,,,,,,,,,,,,,,,,,,90.4,,101.0,,113.75,,130.95,,141.95,158.55,168.85,175.0,187.8,,,225.0,,249.1,,278.5,,305.0,,,,380.0,,419.05,,460.0,,507.5,,,,608.8,
2025-01-07,14:15,,,,,,,,,,,,,,,,,,,,,,,,,,,,,,,,,,,,,,,,,,,,,,,,,,1386.05,,,,,,1142.0,,,,995.55,,914.0,,776.2,,713.05,,653.6,624.4,593.5,571.25,543.85,,484.7,,,,390.0,,,,,,,,,,,,,,,,,,,,,,,,,,,,,,,,,,,,,,,,,,,,,,,,,,,87.8,,98.0,,111.2,,127.45,,139.7,156.45,165.65,173.5,,195.55,,220.3,,245.2,,,286.65,,,339.5,,373.9,396.9,,,458.95,,505.9,,,,603.0,
2025-01-07,14:20,,,,,,,,,,,,,,,,,,,,,,,,,,,,,,,,,,,,,,,,,,,,,,,,,,1383.2,,,,,,,,1068.5,,989.65,,,,,752.0,,,653.0,621.0,,561.85,,,481.55,,,,385.15,,,,,,,,,,,,,,,,,,,,,,,,,,,,,,,,,,,,,,,,,,,,,,,,,,,86.8,,96.35,,110.05,,126.35,,138.75,155.5,,173.8,,196.05,,221.85,,246.4,,276.5,,306.0,,,,374.55,,,,,,505.5,,,,606.05,
2025-01-07,14:25,,,,,,,,,,,,,,,,,,,,,,,,,,,,,,,,,,,,,,,,,,,,,,,,,,1382.55,,,,,,,,,,,,,844.5,,,,,652.75,620.95,,561.05,,507.25,482.3,,,,387.9,361.05,,,,,,,,,,,,,,,,,,,,,,,,,,,,,,,,,,,,,,,,,,,,,,,,,,86.8,,97.2,,,,127.35,,,157.4,,175.45,,,212.75,222.15,,247.45,,277.85,,308.95,,343.0,,377.2,397.0,,,,,508.65,,,,607.85,
2025-01-07,14:30,,,,,,,,,,,,,,,,,,,,,,,,,,,,,,,,,,,,,,,,,,,,,,,,,,1375.0,,,,,,,,,,,,,,776.85,,,,652.0,,,,,,482.0,,,,384.2,363.5,,,,,,,,,,,,,,,,,,,,,,,,,,,,,,,,,,,,,,,,,,,,,,,,,,88.75,,98.15,,,,128.25,,,158.25,,175.05,,197.45,209.9,,,246.75,,276.6,,309.5,,342.05,361.55,379.95,,420.0,,,,,,,,610.6,
2025-01-07,14:35,,,,,,,,,,,,,,,,,,,,,,,,,,,,,,,,,,,,,,,,,,,,,,,,,,1374.85,,,,,,,,,,979.0,,,,,,,,648.55,,591.0,,,,475.85,,425.05,,382.1,,,,,,,,,,,,,,,,,,,,,,,,,,,,,,,,,,,,,,,,,,,,,,,,,,,89.05,,99.05,,,,128.75,,,158.2,167.65,177.8,,198.1,210.85,224.05,,249.6,,279.7,,,,343.7,364.75,380.6,399.4,420.5,,,,513.75,,,,614.0,
2025-01-07,14:40,,,,,,,,,,,,,,,,,,,,,,,,,,,,,,,,,,,,,,,,,,,,,,,,,,1365.0,,,,,,,,,,980.05,,906.85,,,,,,643.6,,585.4,,531.1,500.0,474.95,,,,380.3,,,,,,,,,,,,,,,,,,,,,,,,,,,,,,,,,,,,,,,,,,,,,,,,,,,88.35,,97.8,,,,127.75,,,158.0,,176.75,,196.7,,222.7,234.0,249.65,,,,,,,,380.25,,422.0,,,484.5,509.95,,,,613.0,
2025-01-07,14:45,,,,,,,,,,,,,,,,,,,,,,,,,,,,,,,,,,,,,,,,,,,,,,,,,,1374.05,,,,,,,,,,,,,836.0,,,,670.0,643.75,613.3,,,531.0,,,,,,379.75,,,,,,,,,,,,,,,,,,,,,,,,,,,,,,,,,,,,,,,,,,,,,,,,,,,,,98.15,,111.65,,127.9,,140.65,158.15,,176.05,,196.7,,222.85,,249.45,,,,,,,,381.4,401.95,,,,,,,,,612.85,628.2
2025-01-07,14:50,,,,,,,,,,,,,,,,,,,,,,,,,,,,,,,,,,,,,,,,,,,,,,,,,,,,,,,,,,,,,,908.65,839.0,,,,,646.05,,587.95,559.3,531.85,,477.0,,,,380.7,,,,,,,,,,,,,,,,,,,,,,,,,,,,,,,,,,,,,,,,,,,,,,,,,,,88.85,,97.75,,112.05,,127.95,,140.65,157.35,,176.25,,,210.9,223.45,235.8,248.8,260.95,277.0,,309.65,,344.0,361.0,380.85,400.85,423.0,,,486.0,510.95,,,,612.0,
2025-01-07,14:55,,,,,,,,,,,,,,,,,,,,,,,,,,,,,,,,,,,,,,,,,,,,,,,,,,1380.45,,,,,,,,,,985.95,,,848.0,775.0,733.8,,,650.0,620.5,592.5,,,,482.0,457.45,432.3,406.8,382.8,361.3,,,,,,,,,,,,,,,,,,,,,,,,,,,,,,,,,,,,,,,,,,,,,,,,,,87.8,,98.1,,,,127.55,,,158.25,,175.7,,,,223.9,,247.4,,278.6,,,,,,380.0,,418.4,442.7,,,,,,,611.0,
2025-01-07,15:00,,,,,,,,,,,,,,,,,,,,,,,,,,,,,,,,,,,,,,,,,,,,,,,,,,1379.0,,,,,,,,,,986.05,,912.4,,,,,,652.4,,593.4,562.3,536.05,,,,,,386.15,,,,,,,,,,,,,,,,,,,,,,,,,,,,,,,,,,,,,,,,,,,,,,,,,,,88.0,95.0,98.45,,,,128.15,,141.5,157.2,,176.45,,197.95,,224.45,236.8,248.35,,278.65,,310.0,,,,380.0,,419.05,,,,,,,,612.0,
2025-01-07,15:05,,,,,,,,,,,,,,,,,,,,,,,,,,,,,,,,,,,,,,,,,,,,,,,,,,1378.65,,,,,,,,,,,,,838.0,770.0,,,,649.6,619.85,594.0,563.05,,,480.35,,,,385.85,,,,,,,,,,,,,,,,,,,,,,,,,,,,,,,,,,,,,,,,,,,,,,,,,,,88.15,,98.75,,111.55,,128.1,,,157.75,,176.45,,,,223.65,,248.0,,,,,,,359.85,380.0,398.6,419.35,,,483.3,510.05,,,,611.85,
2025-01-07,15:10,,,,,,,,,,,,,,,,,,,,,,,,,,,,,,,,,,,,,,,,,,,,,,,,,,,,,,,,,,,,981.25,,,840.5,770.7,,713.0,,647.7,,592.0,560.4,,,481.3,,429.1,,385.3,362.2,,,,,,,,,,,,,,,,,,,,,,,,,,,,,,,,,,,,,,,,,,,,,,,,,,87.95,,98.4,,112.0,,127.6,,140.05,157.4,,175.65,,198.8,210.55,223.15,,,,276.55,,309.2,,,,378.8,398.35,419.1,,,,511.25,,,,609.1,
2025-01-07,15:15,,,,,,,,,,,,,,,,,,,,,,,,,,,,,,,,,,,,,,,,,,,,,,,,,,,,1301.4,,,,,,,,984.05,,,,,,,,646.2,606.3,588.9,,533.9,501.9,479.65,,428.0,407.6,382.4,,,,,,,,,,,,,,,,,,,,,,,,,,,,,,,,,,,,,,,,,,,,,,,,,,,88.1,,98.85,,111.55,,127.95,,,158.2,,176.2,,197.7,,223.6,235.0,246.5,266.15,,,308.8,320.65,,360.0,380.7,397.0,421.5,,,481.0,,,,,612.0,
2025-01-07,15:20,,,,,,,,,,,,,,,,,,,,,,,,,,,,,,,,,,,,,,,,,,,,,,,,,,,,,,,,,,,,984.0,,,842.9,773.2,739.9,711.7,,649.5,619.9,591.6,559.45,534.4,507.6,479.7,,428.05,,383.0,,,,,,,,,,,,,,,,,,,,,,,,,,,,,,,,,,,,,,,,,,,,,,,,,,,88.95,,98.75,,112.2,,128.55,,140.9,157.85,167.0,175.55,,198.2,,222.4,,246.5,,276.7,,308.55,,340.4,358.85,379.0,396.75,418.35,,464.0,,507.4,,552.0,,609.5,
2025-01-07,15:25,,,,,,,,,,,,,,,,,,,,,,,,,,,,,,,,,,,,,,,,,,,,,,,,,,1374.0,,,,1190.6,,,,,1041.1,983.95,,,,,,,,647.7,,589.9,556.6,535.45,501.45,477.25,,,,382.5,357.8,,,,,,,,,,,,,,,,,,,,,,,,,,,,,,,,,,,,,,,,,,,,,,,,,,88.8,,98.7,,111.2,,127.05,,140.5,156.0,,175.5,,197.7,210.0,222.55,,246.8,,276.35,,307.2,,342.8,,377.25,,418.75,,460.1,,508.0,,558.6,,610.0,
2025-01-07,15:30,,,,,,,,,,,,,,,,,,,,,,,,,,,,,,,,,,,,,,,,,,,,,,,,,,,,,,,,,,,,,,,,,,,,,,,,,,,,,,,,,,,,,,,,,,,,,,,,,,,,,,,,,,,,,,,,,,,,,,,,,,,,,,,,,,,,,,,128.6,,,,,,,,,,,,,,,,,,,,,,,,,,,,,,
